Ambit subjectiu,Organ de contractacio,Organ de contractacio 2,Organ de contractacio wikidata link,Codi de expedient,id,Objecte del contracte,Descripcio de la prestacio,Tipus de contracte,Pressupost de licitacio,Data de publicacio,Empresa adjudicataria,Import de adjudicacio,Enllace a la publicacio,Codi CPV,Data de adjudicacio
DEPARTAMENTS I SECTOR PÚBLIC DE LA GENERALITAT DE CATALUNYA,Institut Català de la Salut (ICS),Institut Català de la Salut,https://www.wikidata.org/entity/Q11926710,1101192853,0000,CABINA SEGURETAT CLASSE II,"Contractació d'aparells mèdics, de laboratori, equipament informàtic, equipament de teleassistència a domicili, materials per a equipament mèdic, mobiliari general i obres de condicionament general d'espais comuns de l'Hospital Universitari Germans Trias i Pujol",Obres,196017.22,2020-06-12T00:00:00Z,"NIRCO,S.L.",8064.9,https://contractaciopublica.gencat.cat/ecofin_pscp/AppJava/awardnotice.pscp?reqCode=viewPcan&idDoc=64029684&lawType=3,45215100,2020-03-16T00:00:00Z
DEPARTAMENTS I SECTOR PÚBLIC DE LA GENERALITAT DE CATALUNYA,Consorci Hospital Clínic de Barcelona (HCB),Hospital Clinic of Barcelona,https://www.wikidata.org/entity/Q2371388,2020/1097,0001,SERVEI DE VIGILANCIA COVID 19,Serveis transversals Covid 19 - Publicació MASSIVA de contractes tramitats d'EMERGÈNCIA,Serveis,0,2020-07-23T00:00:00Z,"NARGY SERVICIOS AUXILIARES, S.L.",8407.21,https://contractaciopublica.gencat.cat/ecofin_pscp/AppJava/awardnotice.pscp?reqCode=viewPcan&idDoc=66246380&lawType=3,79714000,2020-05-20T00:00:00Z
DEPARTAMENTS I SECTOR PÚBLIC DE LA GENERALITAT DE CATALUNYA,Institut Català de la Salut (ICS),Institut Català de la Salut,https://www.wikidata.org/entity/Q11926710,CS/AH02/1101195322/20/CMUI,0002,SUBMINISTRAMENT PORTASERUMS PER L'HOSPITAL UNIVERSITARI DE BELLVITGE,Subministrament portaserums per l'Hospital Universitari de Bellvitge,Subministraments,10014.6,2020-05-11T00:00:00Z,"MANMEDIC FIC, S.L.",10014.6,https://contractaciopublica.gencat.cat/ecofin_pscp/AppJava/awardnotice.pscp?reqCode=viewPcan&idDoc=62227171&lawType=3,33192000,2020-03-26T00:00:00Z
DEPARTAMENTS I SECTOR PÚBLIC DE LA GENERALITAT DE CATALUNYA,Institut Català de la Salut (ICS),Institut Català de la Salut,https://www.wikidata.org/entity/Q11926710,CSE/CC00/1101196622/20/CMUI,0003,CONTRACTACIÓ EMERGÈNCIA SERVEI DE TRANSPORT OCASIONAL,Contractació emergència servei de transport ocasional,Serveis,2679680.51,2020-07-10T00:00:00Z,DSV AIR & SEA SA,2679680.51,https://contractaciopublica.gencat.cat/ecofin_pscp/AppJava/awardnotice.pscp?reqCode=viewPcan&idDoc=65647785&lawType=3,60400000,2020-04-06T00:00:00Z
DEPARTAMENTS I SECTOR PÚBLIC DE LA GENERALITAT DE CATALUNYA,Institut d'Assistència Sanitària (IAS),Institut d'Assistència Sanitària,https://www.wikidata.org/entity/Q30285209,Z VELCRO SUBJECTA TUBS,0004,Publicació massiva de contractes tramitats d'emergència,"Publicació massiva de contractes tramitats d'emergència per part de Serveis Logistics de l'IAS, per atendre la pandèmia Covid_19 corresponent al mes de Maig 2020",Subministraments,139225.25,2020-06-30T00:00:00Z,MOLNLYCKE HEALTH CARE S.L.,127.6,https://contractaciopublica.gencat.cat/ecofin_pscp/AppJava/awardnotice.pscp?reqCode=viewPcan&idDoc=64945050&lawType=3,33140000,2020-06-25T00:00:00Z
DEPARTAMENTS I SECTOR PÚBLIC DE LA GENERALITAT DE CATALUNYA,Fundació de Gestió Sanitària de l'Hospital de la Santa Creu i Sant Pau,Hospital de Sant Pau,https://www.wikidata.org/entity/Q507282,COVID-19/MATERIAL LABORATORI,0005,ESCOVILLO FLOCK VIRUS 2ML,"Subministrament de material de laboratori, necessari per fer front a la pandèmia del COVID-19",Subministraments,0,2020-06-12T00:00:00Z,NIRCO SL,10509.3,https://contractaciopublica.gencat.cat/ecofin_pscp/AppJava/awardnotice.pscp?reqCode=viewPcan&idDoc=64037365&lawType=3,33140000,2020-03-16T00:00:00Z
DEPARTAMENTS I SECTOR PÚBLIC DE LA GENERALITAT DE CATALUNYA,Institut d'Investigació Biomèdica de Girona (IDIBGI),Girona Biomedical Research Institute,https://www.wikidata.org/entity/Q30287735,202021,0006,Bates de proteccio talla M i L,Subministrament de material fungible i inventariable per situació d'emergència derivada de la COVID_19 per a l'IDIBGI.,Subministraments,137353.69,2020-06-19T00:00:00Z,L' ESTOR,5490,https://contractaciopublica.gencat.cat/ecofin_pscp/AppJava/awardnotice.pscp?reqCode=viewPcan&idDoc=64599454&lawType=3,33140000,2020-06-18T00:00:00Z
DEPARTAMENTS I SECTOR PÚBLIC DE LA GENERALITAT DE CATALUNYA,Centre de Telecomunicacions i Tecnologies de la Informació de la Generalitat de Catalunya,Centre de Telecomunicacions i Tecnologies de la Informació de la Generalitat de Catalunya,https://www.wikidata.org/entity/Q38188558,CTTI-2020-216,0007,"Servei de desenvolupament i evolució d'aplicacions del Departament de Salut i del Departamentde Treball, Afers Socials i Famílies de la Generalitat de Catalunya per atendre la emergència del COVID-19.","Servei de desenvolupament i evolució d'aplicacions del Departaments de Salut, Treball, Afers Socials i Famílies de la Generalitat de Catalunya, per atendre la emergència del COVID-19.",Serveis,85483,2020-07-02T00:00:00Z,"Viewnext, S.A.",85483,https://contractaciopublica.gencat.cat/ecofin_pscp/AppJava/awardnotice.pscp?reqCode=viewPcan&idDoc=64980968&lawType=3,72212517,2020-06-30T00:00:00Z
DEPARTAMENTS I SECTOR PÚBLIC DE LA GENERALITAT DE CATALUNYA,Consorci Sanitari Integral,Consorci Sanitari Integral,https://www.wikidata.org/entity/Q5784281,47,0008,cable interfície p.i per a icu medical i monitors de  constants vitals,Publicació massiva de contractes tramitats d'emergència 2020,Subministraments,0,2020-07-07T00:00:00Z,"MINDRAY MEDICAL ESPAÑA, SL",11928,https://contractaciopublica.gencat.cat/ecofin_pscp/AppJava/awardnotice.pscp?reqCode=viewPcan&idDoc=65297999&lawType=3,33140000,2020-07-07T00:00:00Z
DEPARTAMENTS I SECTOR PÚBLIC DE LA GENERALITAT DE CATALUNYA,Consorci Mar Parc de Salut de Barcelona,Consorci Mar Parc de Salut de Barcelona,https://www.wikidata.org/entity/Q87775501,219/2020,0009,"Auxiliar per fer les funcions de control d'entrades en un dels accessos d'Urgències de l'Hospital del Mar, les 24 hores, tots els dies de la setmana, mentre duri el dispositiu especial per atendre la pandèmia del COVID-19 durant el mes de maig",Publicació massiva de contractes tramitats per emergència de serveis relacionats amb les mesures adoptades per fer front a la situació de crisi sanitària ocasionada per la COVID-19 del Consorci Mar Parc de Salut de Barcelona (correspon al mes de maig).,Serveis,0,2020-06-30T00:00:00Z,"SABICO SEGURIDAD, S.A.",6993.6,https://contractaciopublica.gencat.cat/ecofin_pscp/AppJava/awardnotice.pscp?reqCode=viewPcan&idDoc=64920934&lawType=3,90910000,2020-06-22T00:00:00Z
DEPARTAMENTS I SECTOR PÚBLIC DE LA GENERALITAT DE CATALUNYA,Institut d'Assistència Sanitària (IAS),Institut d'Assistència Sanitària,https://www.wikidata.org/entity/Q30285209,CONTR/2020/0000000020,0010,Z ELECTRODE ADULT DESFIBRILADOR LIFEPACK,Subministrament de material sanitari corresponent al mes de març 2020 per atendre la urgència de la COVID_19 (Serveis Logístics) de L'IAS,Subministraments,226476.57,2020-05-15T00:00:00Z,STRYKER IBERIA SL,126.39,https://contractaciopublica.gencat.cat/ecofin_pscp/AppJava/awardnotice.pscp?reqCode=viewPcan&idDoc=62152530&lawType=3,33140000,2020-04-30T00:00:00Z
DEPARTAMENTS I SECTOR PÚBLIC DE LA GENERALITAT DE CATALUNYA,Institut d'Assistència Sanitària (IAS),Institut d'Assistència Sanitària,https://www.wikidata.org/entity/Q30285209,CONTR/2020/0000000021,0011,CIPROFLOXACINO GES 200 MG/100 ML (50 BOL,Subministrament de productes farmacèutics del mes de març 2020 per atendre la urgència de la COVID_19 (Servei de Farmacia) de l'IAS,Subministraments,225117.51,2020-05-15T00:00:00Z,ALTAN PHARMACEUTICALS S.A.U.,0,https://contractaciopublica.gencat.cat/ecofin_pscp/AppJava/awardnotice.pscp?reqCode=viewPcan&idDoc=62152874&lawType=3,33600000,2020-04-30T00:00:00Z
DEPARTAMENTS I SECTOR PÚBLIC DE LA GENERALITAT DE CATALUNYA,Consorci Hospital Clínic de Barcelona (HCB),Hospital Clinic of Barcelona,https://www.wikidata.org/entity/Q2371388,2020-1102,0012,CABALIMETRES AIRE SENCI.PARET DIN,2020-1102 - Subministrament d'equipament i mobiliari sanitari - Publicació MASSIVA contractes tramitats d'EMERGÈNCIA,Subministraments,0,2020-07-23T00:00:00Z,"HERSILL, S.L.",900,https://contractaciopublica.gencat.cat/ecofin_pscp/AppJava/awardnotice.pscp?reqCode=viewPcan&idDoc=66328694&lawType=3,33192000,2020-05-26T00:00:00Z
DEPARTAMENTS I SECTOR PÚBLIC DE LA GENERALITAT DE CATALUNYA,Agència de l'Habitatge de Catalunya,Agència de l'Habitatge de Catalunya,https://www.wikidata.org/entity/Q25434064,AHC-2020-00075,0013,Subministrament de mampares,Subministrament de mampares,Subministraments,2608.65,2020-04-28T00:00:00Z,Mobiliario de Oficina Montiel SL,2608.65,https://contractaciopublica.gencat.cat/ecofin_pscp/AppJava/awardnotice.pscp?reqCode=viewPcan&idDoc=61708779&lawType=3,44212329,2020-04-17T00:00:00Z
DEPARTAMENTS I SECTOR PÚBLIC DE LA GENERALITAT DE CATALUNYA,Consorci Hospital Clínic de Barcelona (HCB),Hospital Clinic of Barcelona,https://www.wikidata.org/entity/Q2371388,2020/1026,0014,2020-1026 Subministrament de reactius per motiu del context general per la pandèmia del virus SARS-CoV-2,Subministrament de reactius per motiu del context general per la pandèmia del virus SARS-CoV-2,Subministraments,166954.1,2020-06-09T00:00:00Z,"ROCHE DIAGNOSTICS, S.L.",166954.1,https://contractaciopublica.gencat.cat/ecofin_pscp/AppJava/awardnotice.pscp?reqCode=viewPcan&idDoc=63818507&lawType=3,33696600,2020-03-18T00:00:00Z
DEPARTAMENTS I SECTOR PÚBLIC DE LA GENERALITAT DE CATALUNYA,Centre de Telecomunicacions i Tecnologies de la Informació de la Generalitat de Catalunya,Centre de Telecomunicacions i Tecnologies de la Informació de la Generalitat de Catalunya,https://www.wikidata.org/entity/Q38188558,CTTI-2020-113,0015,Subministrament de llicències de virtualització en l'àmbit de Salut,Subministrament de llicències de virtualització en l'àmbit de Salut per tal de permetre el treball remot dels professionals del SISCAT.,Subministraments,53069.89,2020-05-18T00:00:00Z,"TELEFÓNICA SOLUCIONES DE INFORMÁTICA YCOMUNICACIONES DE ESPAÑA, S.A.U.",53069.89,https://contractaciopublica.gencat.cat/ecofin_pscp/AppJava/awardnotice.pscp?reqCode=viewPcan&idDoc=62623917&lawType=3,48000000,2020-05-15T00:00:00Z
DEPARTAMENTS I SECTOR PÚBLIC DE LA GENERALITAT DE CATALUNYA,Institut Català de la Salut (ICS),Institut Català de la Salut,https://www.wikidata.org/entity/Q11926710,1101194321,0016,Connectors,"Subministrament d'aparells mèdics, materials per a equipament mèdic, mobiliari clínic i general i obres de condicionament per tal facilitar el tractament adequat de pacients afectats per SARS¿CoV¿2 de l'Hospital Universitari Germans Trias i Pujol",Subministraments,364225.45,2020-06-12T00:00:00Z,"GE HEALTHCARE ESPAÑA,SAU",1600,https://contractaciopublica.gencat.cat/ecofin_pscp/AppJava/awardnotice.pscp?reqCode=viewPcan&idDoc=64015443&lawType=3,33190000,2020-03-20T00:00:00Z
DEPARTAMENTS I SECTOR PÚBLIC DE LA GENERALITAT DE CATALUNYA,Servei Català de la Salut (CatSalut),CatSalut,https://www.wikidata.org/entity/Q8342755,"Serveis de direcció i gestió de la unitat Margarita Xirgu, del centre residencial Llars Mundet de Barcelona, per atendre persones grans que no poden retornar al seu domicili a causa de la COVID-19",0017,"9.2-Publicació massiva de contractes tramitats per emergència, de subministraments i serveis diversos d'àmbit social en el marc de l'estratègia de resposta a l'epidèmia del SARS-CoV-2.","Publicació massiva de contractes tramitats per emergència, de subministraments i serveis diversos d'àmbit social en el marc de l'estratègia de resposta a l'epidèmia del SARS-CoV-2.",Serveis,0,2020-06-18T00:00:00Z,FUNDACIÓ S21 CONS. SALUT I ATENCIÓ SOCIAL CAT.,218000,https://contractaciopublica.gencat.cat/ecofin_pscp/AppJava/awardnotice.pscp?reqCode=viewPcan&idDoc=64600124&lawType=3,71241000,2020-06-18T00:00:00Z
DEPARTAMENTS I SECTOR PÚBLIC DE LA GENERALITAT DE CATALUNYA,Consorci Hospital Clínic de Barcelona (HCB),Hospital Clinic of Barcelona,https://www.wikidata.org/entity/Q2371388,2020/1002,0018,MESA A MEDIDA BLANCA,Subministrament d'equipament i mobiliari mèdic i no mèdic - Publicació MASSIVA de contractes tramitats d'EMERGÈNCIA,Subministraments,0,2020-06-09T00:00:00Z,"CARPINTERIA J. JIMENEZ GALLEGOS, SL",4744.8,https://contractaciopublica.gencat.cat/ecofin_pscp/AppJava/awardnotice.pscp?reqCode=viewPcan&idDoc=63770254&lawType=3,33000000,2020-03-16T00:00:00Z
DEPARTAMENTS I SECTOR PÚBLIC DE LA GENERALITAT DE CATALUNYA,Consorci Mar Parc de Salut de Barcelona,Consorci Mar Parc de Salut de Barcelona,https://www.wikidata.org/entity/Q87775501,287/2020,0019,Submnistrament i col·locació de revestiment a la zona d'urgències de l'Hospital del Mar,Publicació massiva de contractes tramitats per emergència d'obres relacionats amb les mesures adoptades per fer front a la situació de crisi sanitària ocasionada per la COVID-19 del Consorci Mar Parc de Salut de Barcelona (correspon al mes de maig).,Obres,0,2020-06-30T00:00:00Z,"MCD GRUP, S.A.",7921.8,https://contractaciopublica.gencat.cat/ecofin_pscp/AppJava/awardnotice.pscp?reqCode=viewPcan&idDoc=64922885&lawType=3,45453100,2020-06-22T00:00:00Z
DEPARTAMENTS I SECTOR PÚBLIC DE LA GENERALITAT DE CATALUNYA,Consorci Mar Parc de Salut de Barcelona,Consorci Mar Parc de Salut de Barcelona,https://www.wikidata.org/entity/Q87775501,136/2020,0020,"Servei de neteja a lHotel PULLMAN SKIPPER BARCELONA (ubicat a lAvinguda Litoral, 10 de Barcelona), necessari per donar allotjament als professionals de lHospital del Mar que amb motiude la seva actuació relacionada amb la pandèmia del COVID-19 per tal que no shagin de desplaçar al seu domicili","Publicació massiva de la contractació mitjançant procediment d'emergència d'obres, subministraments i serveis relacionats amb les mesures adoptades per fer front a la situació de crisi sanitària ocasionada per la COVID-19 del Consorci Mar Parc de Salut de Barcelona (correspon als mesos de març i abril).",Serveis,2237949.59,2020-06-03T00:00:00Z,"EHD CONSULTORIA EUROPA, S.L.",39170.2,https://contractaciopublica.gencat.cat/ecofin_pscp/AppJava/awardnotice.pscp?reqCode=viewPcan&idDoc=63458702&lawType=3,33100000,2020-05-29T00:00:00Z
DEPARTAMENTS I SECTOR PÚBLIC DE LA GENERALITAT DE CATALUNYA,Consorci Mar Parc de Salut de Barcelona,Consorci Mar Parc de Salut de Barcelona,https://www.wikidata.org/entity/Q87775501,167/2020,0021,1 Esterilitzador Sterrad 100 NX ALLCLEAR- 2 portes (4 cicles),"Publicació massiva de la contractació mitjançant procediment d'emergència d'obres, subministraments i serveis relacionats amb les mesures adoptades per fer front a la situació de crisi sanitària ocasionada per la COVID-19 del Consorci Mar Parc de Salut de Barcelona (correspon als mesos de març i abril).",Subministraments,2237949.59,2020-06-03T00:00:00Z,"ADVANCED STERILIZATION PRODUCTS ESPAÑA, S.L.",66000,https://contractaciopublica.gencat.cat/ecofin_pscp/AppJava/awardnotice.pscp?reqCode=viewPcan&idDoc=63458702&lawType=3,33100000,2020-05-29T00:00:00Z
DEPARTAMENTS I SECTOR PÚBLIC DE LA GENERALITAT DE CATALUNYA,Consorci Hospital Clínic de Barcelona (HCB),Hospital Clinic of Barcelona,https://www.wikidata.org/entity/Q2371388,2020/1081,0022,Material Fungible Sanitari,Subministrament de material fungible sanitari - Publicació MASSIVA contractes tramitats d'EMERGÈNCIA,Subministraments,0,2020-07-01T00:00:00Z,"ESTEVE ORTOPEDIA A MIDA, S.L.",1380,https://contractaciopublica.gencat.cat/ecofin_pscp/AppJava/awardnotice.pscp?reqCode=viewPcan&idDoc=65019716&lawType=3,33140000,2020-04-29T00:00:00Z
DEPARTAMENTS I SECTOR PÚBLIC DE LA GENERALITAT DE CATALUNYA,Consorci Mar Parc de Salut de Barcelona,Consorci Mar Parc de Salut de Barcelona,https://www.wikidata.org/entity/Q87775501,341/2020,0023,Servei dadequació del HIS per gestionar làrea ambulatòria i evitar lacumulació de pacients a les sales despera del Consorci Mar Parc de Salut de Barcelona,Publicació massiva de contractes tramitats per emergència de serveis relacionats amb les mesures adoptades per fer front a la situació de crisi sanitària ocasionada per la COVID-19 del Consorci Mar Parc de Salut de Barcelona (correspon al mes de juny).,Serveis,0,2020-07-13T00:00:00Z,"INNOVAR CML TECNOLOGÍAS INFORMÁTICAS 2008, S.L.",107729,https://contractaciopublica.gencat.cat/ecofin_pscp/AppJava/awardnotice.pscp?reqCode=viewPcan&idDoc=65733542&lawType=3,44211300,2020-07-10T00:00:00Z
DEPARTAMENTS I SECTOR PÚBLIC DE LA GENERALITAT DE CATALUNYA,Consorci Mar Parc de Salut de Barcelona,Consorci Mar Parc de Salut de Barcelona,https://www.wikidata.org/entity/Q87775501,198/2020,0024,20 Mampares,"Publicació massiva de la contractació mitjançant procediment d'emergència d'obres, subministraments i serveis relacionats amb les mesures adoptades per fer front a la situació de crisi sanitària ocasionada per la COVID-19 del Consorci Mar Parc de Salut de Barcelona (correspon als mesos de març i abril).",Subministraments,2237949.59,2020-06-03T00:00:00Z,"TACKLEN MEDICAL TECHNOLOGY, S.L.",7020,https://contractaciopublica.gencat.cat/ecofin_pscp/AppJava/awardnotice.pscp?reqCode=viewPcan&idDoc=63458702&lawType=3,33100000,2020-05-29T00:00:00Z
DEPARTAMENTS I SECTOR PÚBLIC DE LA GENERALITAT DE CATALUNYA,Institut Català de la Salut (ICS),Institut Català de la Salut,https://www.wikidata.org/entity/Q11926710,CO/AH01/1101199674/20/CMUI,0025,Obra de adequació de la instal·lació de climatització de dos habitacions de broncoscòpia a la planta 7 del Hospital General dins del Pla de contingència de l' epidèmia SARS-CoV-2 de l'Hospital Universitari Vall d'Hebron.,Obra de adequació de la instal·lació de climatització de dos habitacions de broncoscòpia a la planta 7 del Hospital General dins del Pla de contingència de l' epidèmia SARS-CoV-2 de l'Hospital Universitari Vall d'Hebron.,Subministraments,9280.97,2020-06-02T00:00:00Z,IMECSA,9280.97,https://contractaciopublica.gencat.cat/ecofin_pscp/AppJava/awardnotice.pscp?reqCode=viewPcan&idDoc=63399844&lawType=3,45259900,2020-05-19T00:00:00Z
DEPARTAMENTS I SECTOR PÚBLIC DE LA GENERALITAT DE CATALUNYA,Consorci Hospital Clínic de Barcelona (HCB),Hospital Clinic of Barcelona,https://www.wikidata.org/entity/Q2371388,2020/1043,0026,"Catèters, sondes i altre material fungible sanitari","Subministrament de catèters, sondes i altre material fungibe sanitari - Publicació MASSIVA de contractes tramitats d'EMERGÈNCIA",Subministraments,0,2020-06-09T00:00:00Z,CARDINAL HEALTH SPAIN 511,6825.43,https://contractaciopublica.gencat.cat/ecofin_pscp/AppJava/awardnotice.pscp?reqCode=viewPcan&idDoc=64001795&lawType=3,33141200,2020-03-16T00:00:00Z
DEPARTAMENTS I SECTOR PÚBLIC DE LA GENERALITAT DE CATALUNYA,Institut Català de la Salut (ICS),Institut Català de la Salut,https://www.wikidata.org/entity/Q11926710,CS/CC00/1101195753/20/CMUI,0027,CONTRACTACIÓ EMERGÈNCIA SUBMINISTRAMENT RX PORTATIL,Contractació emergència subministrament rx portatil,Subministraments,434500,2020-05-21T00:00:00Z,GESTIONES COMERCIALES EDSA SL,434500,https://contractaciopublica.gencat.cat/ecofin_pscp/AppJava/awardnotice.pscp?reqCode=viewPcan&idDoc=62651293&lawType=3,33100000,2020-03-30T00:00:00Z
DEPARTAMENTS I SECTOR PÚBLIC DE LA GENERALITAT DE CATALUNYA,Consorci Hospital Clínic de Barcelona (HCB),Hospital Clinic of Barcelona,https://www.wikidata.org/entity/Q2371388,2020/1043,0028,"Catèters, sondes i altre material fungible sanitari","Subministrament de catèters, sondes i altre material fungibe sanitari - Publicació MASSIVA de contractes tramitats d'EMERGÈNCIA",Subministraments,0,2020-06-09T00:00:00Z,TACKLEN MEDICAL TECHNOLOGY SLN,560,https://contractaciopublica.gencat.cat/ecofin_pscp/AppJava/awardnotice.pscp?reqCode=viewPcan&idDoc=64001795&lawType=3,33141200,2020-03-16T00:00:00Z
DEPARTAMENTS I SECTOR PÚBLIC DE LA GENERALITAT DE CATALUNYA,Consorci Hospital Clínic de Barcelona (HCB),Hospital Clinic of Barcelona,https://www.wikidata.org/entity/Q2371388,2020-1104,0029,SUBMINISTRAMENT DE MATERIAL DE DESINFECCIÓ SANITARIA,Subministrament de material fungible sanitari - Publicació MASSIVA contractes tramitats d'EMERGÈNCIA,Subministraments,0,2020-07-23T00:00:00Z,TEXTIL PLANAS OLIVERAS SA,1143.72,https://contractaciopublica.gencat.cat/ecofin_pscp/AppJava/awardnotice.pscp?reqCode=viewPcan&idDoc=66328502&lawType=3,33140000,2020-05-25T00:00:00Z
DEPARTAMENTS I SECTOR PÚBLIC DE LA GENERALITAT DE CATALUNYA,Departament de la Vicepresidència i d'Economia i Hisenda,Ministry of the Vice-presidency and of the Economy and Finance,https://www.wikidata.org/entity/Q33121871,EC 2020 273,0030,"EC 2020 273 Subministrament i col·locació de mampares protectores i senyalística de prevenció en tots els centres de treball adscrits al Departament de la Vicepresidència i d'Economia i Hisenda necessaris per a la reobertura d'aquests centres, com a mesures de prevenció i protecció envers l'exposició del seu personal al COVID-19","Subministrament i col·locació de mampares protectores i senyalística de prevenció en tots els centres de treball adscrits al Departament de la Vicepresidència i d'Economia i Hisenda necessaris per a la reobertura d'aquests centres, com a mesures de prevenció i protecció envers l'exposició del seu personal al COVID-19",Subministraments,110427.31,2020-05-28T00:00:00Z,"TAS IMATGE I COMUNICACIÓ, S.L.",110427.31,https://contractaciopublica.gencat.cat/ecofin_pscp/AppJava/awardnotice.pscp?reqCode=viewPcan&idDoc=63226628&lawType=3,39200000,2020-04-29T00:00:00Z
DEPARTAMENTS I SECTOR PÚBLIC DE LA GENERALITAT DE CATALUNYA,Institut Català de la Salut (ICS),Institut Català de la Salut,https://www.wikidata.org/entity/Q11926710,CS/AH02/1101194155/20/CMUI,0031,"SUBMINISTRAMENT MATERIAL LABORATORI, REACTIU PER A PCR EN TEMPS REAL, PER L'HOSPITAL UNIVERSITARI DE BELLVITGE","Subministrament Material Laboratori, Reactiu per a PCR en temps real, per a l'Hospital Universitari de Bellvitge",Subministraments,16169.4,2020-05-14T00:00:00Z,LIFE TECHNOLOGIES SA,16169.4,https://contractaciopublica.gencat.cat/ecofin_pscp/AppJava/awardnotice.pscp?reqCode=viewPcan&idDoc=62424701&lawType=3,33696200,2020-03-19T00:00:00Z
DEPARTAMENTS I SECTOR PÚBLIC DE LA GENERALITAT DE CATALUNYA,Sistema d'Emergències Mèdiques SA (SEMSA),Emergency Medical System,https://www.wikidata.org/entity/Q6129738,CE138/2020,0032,COMPRA EMERGÈNCIA 138: Subministrament de catèters de diferents mides,Subministrament de catèters de diferents mides,Subministraments,10296,2020-06-10T00:00:00Z,"B. BRAUN MEDICAL, S.A.",10296,https://contractaciopublica.gencat.cat/ecofin_pscp/AppJava/awardnotice.pscp?reqCode=viewPcan&idDoc=63372682&lawType=3,33140000,2020-05-29T00:00:00Z
DEPARTAMENTS I SECTOR PÚBLIC DE LA GENERALITAT DE CATALUNYA,Fundació de Gestió Sanitària de l'Hospital de la Santa Creu i Sant Pau,Hospital de Sant Pau,https://www.wikidata.org/entity/Q507282,COVID-19/MS COMANDES ESPECIALS,0033,CESTA MODULAR ABS BASE CERRADA REF 46005,"Subministrament de material sanitari relatiu a comandes especials, necessari per fer front a la pandèmia del COVID-19",Subministraments,0,2020-06-12T00:00:00Z,BERMEJO CALVO EDGAR,7178.85,https://contractaciopublica.gencat.cat/ecofin_pscp/AppJava/awardnotice.pscp?reqCode=viewPcan&idDoc=64025844&lawType=3,33100000,2020-03-16T00:00:00Z
DEPARTAMENTS I SECTOR PÚBLIC DE LA GENERALITAT DE CATALUNYA,"Departament de Treball, Afers Socials i Famílies","Departament de Treball, Afers Socials i Famílies de la Generalitat de Catalunya",https://www.wikidata.org/entity/Q20106015,E-21-2020-1,0034,"Contracte d'emergència per a l'ampliació dels serveis logístics de recepció, gestió i distribució de material sanitari de prevenció per als equipaments residencials de la Xarxa de serveis socials de Catalunya. (E-21-2020-1)","Contracte d'emergència per a l'ampliació dels serveis logístics de recepció, gestió i distribució de material sanitari de prevenció per als equipaments residencials de la Xarxa de serveis socials de Catalunya.",Serveis,276648.62,2020-06-25T00:00:00Z,"DYNAMIC EXPRESS COURIER, SL",276648.62,https://contractaciopublica.gencat.cat/ecofin_pscp/AppJava/awardnotice.pscp?reqCode=viewPcan&idDoc=64654136&lawType=3,64121200,2020-06-12T00:00:00Z
DEPARTAMENTS I SECTOR PÚBLIC DE LA GENERALITAT DE CATALUNYA,Consorci Hospital Clínic de Barcelona (HCB),Hospital Clinic of Barcelona,https://www.wikidata.org/entity/Q2371388,2020/1043,0035,"Catèters, sondes i altre material fungible sanitari","Subministrament de catèters, sondes i altre material fungibe sanitari - Publicació MASSIVA de contractes tramitats d'EMERGÈNCIA",Subministraments,0,2020-06-09T00:00:00Z,"SUMINISTROS HOSPITALARIOS, S.A.",527.01,https://contractaciopublica.gencat.cat/ecofin_pscp/AppJava/awardnotice.pscp?reqCode=viewPcan&idDoc=64001795&lawType=3,33141200,2020-03-16T00:00:00Z
DEPARTAMENTS I SECTOR PÚBLIC DE LA GENERALITAT DE CATALUNYA,Institut d'Assistència Sanitària (IAS),Institut d'Assistència Sanitària,https://www.wikidata.org/entity/Q30285209,contr/2020/000000052,0036,RESOURCE INSTANT PROTEIN 400G (6 FRASCOS,"Subministrament de material de farmàcia per al servei de farmàcia  de l'IAS, per atendre l'emergència de la COVID_19 JUNY 2020",Subministraments,8548.74,2020-07-24T00:00:00Z,"NESTLE ESPAÑA, S. A.",122.23,https://contractaciopublica.gencat.cat/ecofin_pscp/AppJava/awardnotice.pscp?reqCode=viewPcan&idDoc=66398092&lawType=3,33610000,2020-07-23T00:00:00Z
DEPARTAMENTS I SECTOR PÚBLIC DE LA GENERALITAT DE CATALUNYA,Consorci Hospital Clínic de Barcelona (HCB),Hospital Clinic of Barcelona,https://www.wikidata.org/entity/Q2371388,2020/1002,0037,MAMPARA SEPARADORA PIE 180X180 REF.58881,Subministrament d'equipament i mobiliari mèdic i no mèdic - Publicació MASSIVA de contractes tramitats d'EMERGÈNCIA,Subministraments,0,2020-06-09T00:00:00Z,"DOUBLET IBERICA, S.A.",19063.74,https://contractaciopublica.gencat.cat/ecofin_pscp/AppJava/awardnotice.pscp?reqCode=viewPcan&idDoc=63770254&lawType=3,33000000,2020-03-16T00:00:00Z
DEPARTAMENTS I SECTOR PÚBLIC DE LA GENERALITAT DE CATALUNYA,Departament d'Interior,Ministry of Home Affairs of Catalonia,https://www.wikidata.org/entity/Q6590396,IT-2020-851,0038,"Servei de neteja interior i desinfecció dels vehicles adscrits a la Regió Policial Metropolitana Barcelona, per al període del 14 de març al 30 de juny de 2020","Servei de neteja interior i desinfecció dels vehicles adscrits a la Regió Policial Metropolitana Barcelona, per al període del 14 de març al 30 de juny de 2020",Serveis,5857,2020-07-30T00:00:00Z,ALFREDO MARTÍNEZ NAVARRA,5857,https://contractaciopublica.gencat.cat/ecofin_pscp/AppJava/awardnotice.pscp?reqCode=viewPcan&idDoc=66643013&lawType=3,50110000,2020-07-23T00:00:00Z
DEPARTAMENTS I SECTOR PÚBLIC DE LA GENERALITAT DE CATALUNYA,Institut Català de la Salut (ICS),Institut Català de la Salut,https://www.wikidata.org/entity/Q11926710,005A-UCI-CEM,0039,Pintat de parets i sostres,Execució dels treballs i la compra d'equipament per a habilitar una àrea de tractament de 16 llits de pacients crítics a les dependències de la Biblioteca de l'Hospital Universitari Germans Trias i Pujol,Subministraments,223948.21,2020-06-09T00:00:00Z,PINTURAS JAF SL,5553.6,https://contractaciopublica.gencat.cat/ecofin_pscp/AppJava/awardnotice.pscp?reqCode=viewPcan&idDoc=64003739&lawType=3,33100000,2020-03-23T00:00:00Z
DEPARTAMENTS I SECTOR PÚBLIC DE LA GENERALITAT DE CATALUNYA,Institut Català de la Salut (ICS),Institut Català de la Salut,https://www.wikidata.org/entity/Q11926710,CS/AH06/1101200504/20/CMUI,0040,COVID 19 - Subministrament de dues termodesinfectadores ubicades a la unitat d'esterilització de l'àrea quirúrgica HUAV,Subministrament de dues termodesinfectadores ubicades a la unitat d'esterilització de l'àrea quirúrgica Hospital Universitari Arnau de Vilanova de Lleida,Subministraments,190242.48,2020-05-22T00:00:00Z,"ANTONIO MATACHANA,S.A.",190242.48,https://contractaciopublica.gencat.cat/ecofin_pscp/AppJava/awardnotice.pscp?reqCode=viewPcan&idDoc=62856006&lawType=3,33191000,2020-05-21T00:00:00Z
DEPARTAMENTS I SECTOR PÚBLIC DE LA GENERALITAT DE CATALUNYA,Servei Català de la Salut (CatSalut),CatSalut,https://www.wikidata.org/entity/Q8342755,4.1-Allotjament de professionals,0041,Allotjament de professionals sanitaris en le instal.lacions de l'Hotel Palau de Girona,"Publicació massiva de contractes tramitats per emergència, dels serveis d'allotjament de professionals  en el marc de l'estratègia de resposta a l'epidèmia del SARS-CoV-2.",Serveis,0,2020-05-20T00:00:00Z,"HOTEL PALACE GIRONA, S.L",85184.26,https://contractaciopublica.gencat.cat/ecofin_pscp/AppJava/awardnotice.pscp?reqCode=viewPcan&idDoc=62073594&lawType=3,55110000,2020-05-20T00:00:00Z
DEPARTAMENTS I SECTOR PÚBLIC DE LA GENERALITAT DE CATALUNYA,Consorci Sanitari de l'Alt Penedès i Garraf,Consorci Sanitari de l'Alt Penedès,https://www.wikidata.org/entity/Q87902215,CSAPG CE 2020/12,0042,Subministrament de quatre equips d'oxigenoteràpia AIRVO 2 amb humidificador per als pacient de l'UCI de l'Hospital Residència Sant Camil (Exp CSAPG CE 2020/12),"Subministrament de quatre equips d'oxigenoteràpia AIRVO 2 amb humidificador per als pacient de l'UCI de l'Hospital Residència Sant Camil, per encàrrec del Consorci Sanitari de l'Alt Penedès i Garraf, per fer front a la crisi sanitària del COVID-19",Subministraments,17695.04,2020-05-29T00:00:00Z,FISHER & PAYKEL HEALTHCARE,17695.04,https://contractaciopublica.gencat.cat/ecofin_pscp/AppJava/awardnotice.pscp?reqCode=viewPcan&idDoc=62893303&lawType=3,33100000,2020-05-04T00:00:00Z
DEPARTAMENTS I SECTOR PÚBLIC DE LA GENERALITAT DE CATALUNYA,Sistema d'Emergències Mèdiques SA (SEMSA),Emergency Medical System,https://www.wikidata.org/entity/Q6129738,CE115/2020,0043,COMPRA EMERGÉNCIA 115: Subministramnt pegats i sensor pulsi,Subministramnt pegats i sensor pulsi,Subministraments,11008,2020-05-22T00:00:00Z,"Sinamedic, SL",11008,https://contractaciopublica.gencat.cat/ecofin_pscp/AppJava/awardnotice.pscp?reqCode=viewPcan&idDoc=62795255&lawType=3,33140000,2020-05-06T00:00:00Z
DEPARTAMENTS I SECTOR PÚBLIC DE LA GENERALITAT DE CATALUNYA,Consorci Hospital Clínic de Barcelona (HCB),Hospital Clinic of Barcelona,https://www.wikidata.org/entity/Q2371388,2020/1077,0044,SUBMINISTRAMENT DE MATERIAL DE DESINFECCIÓ SANITARIA,Subministrament de petit material sanitari i de desinfecció sanitària - Publicació MASSIVA de contractes tramitats d'EMERGÈNCIA,Subministraments,0,2020-07-01T00:00:00Z,"FISHER SCIENTIFIC, S.L.",138.11,https://contractaciopublica.gencat.cat/ecofin_pscp/AppJava/awardnotice.pscp?reqCode=viewPcan&idDoc=65011333&lawType=3,33140000,2020-04-29T00:00:00Z
DEPARTAMENTS I SECTOR PÚBLIC DE LA GENERALITAT DE CATALUNYA,Institut Català de la Salut (ICS),Institut Català de la Salut,https://www.wikidata.org/entity/Q11926710,CS/AH01/1101199556/20/CMUI,0045,Subministrament de criosondes d'un sol ús per a la realització de criobiòpsies transbronquials a pacients COVID-19. Pla de contingència front a l'epidèmia del SARS-CoV-2 de l'Hospital Universitari Vall d'Hebron.,Subministrament de criosondes d'un sol ús per a la realització de criobiòpsies transbronquials a pacients COVID-19. Pla de contingència front a l'epidèmia del SARS-CoV-2 de l'Hospital Universitari Vall d'Hebron.,Subministraments,9285.5,2020-06-26T00:00:00Z,"SIMMEDICA, SAU",9285.5,https://contractaciopublica.gencat.cat/ecofin_pscp/AppJava/awardnotice.pscp?reqCode=viewPcan&idDoc=64767770&lawType=3,33165000,2020-05-27T00:00:00Z
DEPARTAMENTS I SECTOR PÚBLIC DE LA GENERALITAT DE CATALUNYA,Consorci Hospital Clínic de Barcelona (HCB),Hospital Clinic of Barcelona,https://www.wikidata.org/entity/Q2371388,2020-1104,0046,SUBMINISTRAMENT DE PETIT MATERIAL SANITARI,Subministrament de material fungible sanitari - Publicació MASSIVA contractes tramitats d'EMERGÈNCIA,Subministraments,0,2020-07-23T00:00:00Z,"MEDTRONIC IBERICA, S.A.",12671.48,https://contractaciopublica.gencat.cat/ecofin_pscp/AppJava/awardnotice.pscp?reqCode=viewPcan&idDoc=66328502&lawType=3,33140000,2020-05-25T00:00:00Z
DEPARTAMENTS I SECTOR PÚBLIC DE LA GENERALITAT DE CATALUNYA,Institut Català d'Oncologia (ICO),Institut Català d'Oncologia Girona - ICO Girona,https://www.wikidata.org/entity/Q87761801,EM-2020-04,0047,Servei de neteja complementari per afrontar les actuacions extraordinàries per contenir el Coronavirus a l'Institut Català d'Oncologia de Girona,Servei de neteja complementari per afrontar les actuacions extraordinàries per contenir el Coronavirus a l'Institut Català d'Oncologia de Girona,Serveis,558.95,2020-04-27T00:00:00Z,"OHL SERVICIOS - INGESAN, S.A.",558.95,https://contractaciopublica.gencat.cat/ecofin_pscp/AppJava/awardnotice.pscp?reqCode=viewPcan&idDoc=61615944&lawType=3,90911200,2020-04-02T00:00:00Z
DEPARTAMENTS I SECTOR PÚBLIC DE LA GENERALITAT DE CATALUNYA,Fundació Centre de Regulació Genòmica,Centre for Genomic Regulation,https://www.wikidata.org/entity/Q11913498,CONTRACTE 16 - TRAMITACIÓ EMERGÈNCIA COVID 19,0048,MATERIAL DE PROTECCIÓ I SEGURETAT (MÀSCARES FFP2),Material de protecció necessari pe realitzar tests de detecció massiva de COVID-19,Subministraments,2040,2020-04-09T00:00:00Z,"SCHARLAB, SL",2040,https://contractaciopublica.gencat.cat/ecofin_pscp/AppJava/awardnotice.pscp?reqCode=viewPcan&idDoc=61302597&lawType=3,18143000,2020-04-09T00:00:00Z
DEPARTAMENTS I SECTOR PÚBLIC DE LA GENERALITAT DE CATALUNYA,Servei d'Ocupació de Catalunya (SOC),Servei d'Ocupació de Catalunya,https://www.wikidata.org/entity/Q20103779,SOC-2020-218,0049,Servei per al tractament de desinfecció de les edificacions i instal·lacions gestionades pel Servei Públic d'Ocupació de Catalunya. Es tracta d'un contracte subscrit amb tramitació d'emergència.,"Servei per al tractament de desinfecció de les edificacions i instal·lacions gestionades pel Servei Públic d'Ocupacció de Catalunya, mitjançant procediment d'emergènccia",Serveis,27574,2020-06-12T00:00:00Z,"L.D. EMPRESA DE LIMPIEZA Y DESINFECCIÓN, S.A.",27574,https://contractaciopublica.gencat.cat/ecofin_pscp/AppJava/awardnotice.pscp?reqCode=viewPcan&idDoc=64023062&lawType=3,90921000,2020-06-05T00:00:00Z
DEPARTAMENTS I SECTOR PÚBLIC DE LA GENERALITAT DE CATALUNYA,Institut Català de la Salut (ICS),Institut Català de la Salut,https://www.wikidata.org/entity/Q11926710,010C-2020-CEM,0050,Servei cuina empleats maig,Servei de cuina per les plantes Covid de l'Inst.Guttmann per l'Hospital Universitari Germans Trias i Pujol,Serveis,47872.84,2020-06-25T00:00:00Z,SODEXHO S.A.,4396.1,https://contractaciopublica.gencat.cat/ecofin_pscp/AppJava/awardnotice.pscp?reqCode=viewPcan&idDoc=64678254&lawType=3,55100000,2020-04-05T00:00:00Z
DEPARTAMENTS I SECTOR PÚBLIC DE LA GENERALITAT DE CATALUNYA,Consorci Hospital Clínic de Barcelona (HCB),Hospital Clinic of Barcelona,https://www.wikidata.org/entity/Q2371388,2020/1015,0051,Servei de vigilancia COVID,Serveis transversals generals - Publicació MASSIVA de contractes tramitats D'EMERGÈNCIA,Serveis,0,2020-05-27T00:00:00Z,"NARGY SERVICIOS AUXILIARES, S.L.",2079.16,https://contractaciopublica.gencat.cat/ecofin_pscp/AppJava/awardnotice.pscp?reqCode=viewPcan&idDoc=63108152&lawType=3,98310000,2020-03-26T00:00:00Z
DEPARTAMENTS I SECTOR PÚBLIC DE LA GENERALITAT DE CATALUNYA,Fundació de Gestió Sanitària de l'Hospital de la Santa Creu i Sant Pau,Hospital de Sant Pau,https://www.wikidata.org/entity/Q507282,COVID-19/MATERIAL SANITARI 2,0052,GUANT EXAMEN NITRIL T/M. S/POLS C/100 + BATA VISITANT TST POLIPROPILE 20 GRS.,"Subministrament del material sanitari, necessari per fer front a la pandèmia del COVID-19",Subministraments,0,2020-06-12T00:00:00Z,VWR INTERNATIONAL EUROLAB SL,251605,https://contractaciopublica.gencat.cat/ecofin_pscp/AppJava/awardnotice.pscp?reqCode=viewPcan&idDoc=64043795&lawType=3,33140000,2020-04-17T00:00:00Z
DEPARTAMENTS I SECTOR PÚBLIC DE LA GENERALITAT DE CATALUNYA,Departament de la Vicepresidència i d'Economia i Hisenda,Ministry of the Vice-presidency and of the Economy and Finance,https://www.wikidata.org/entity/Q33121871,EC 2020 243,0053,"EC 2020 243 Prestació del servei de vigilància 24 hores al dia 7 dies a la setmana en els immobles del carrer José Agustín Goytisolo, 22-28 (espai Bital) i el carrer Ciències, 71, ambdós a l'Hospitalet de Llobregat, durant el període comprès entre el 19 de març i el 30 d'abril de 2020, per a la realització de les funcions dels serveis oferts pel 061 i 112.","Prestació del servei de vigilància 24 hores al dia 7 dies a la setmana en els immobles del carrer José Agustín Goytisolo, 22-28 (espai Bital) i el carrer Ciències, 71, ambdós a l'Hospitalet de Llobregat, durant el període comprès entre el 19 de març i el 30 d'abril de 2020, per a la realització de les funcions dels serveis oferts pel 061 i 112.",Serveis,18837.6,2020-04-22T00:00:00Z,"ENERPRO, SL",18837.6,https://contractaciopublica.gencat.cat/ecofin_pscp/AppJava/awardnotice.pscp?reqCode=viewPcan&idDoc=61530603&lawType=3,79710000,2020-03-20T00:00:00Z
DEPARTAMENTS I SECTOR PÚBLIC DE LA GENERALITAT DE CATALUNYA,Consorci Hospital Clínic de Barcelona (HCB),Hospital Clinic of Barcelona,https://www.wikidata.org/entity/Q2371388,2020-1104,0054,Subministrament de Reactius,Subministrament de material fungible sanitari - Publicació MASSIVA contractes tramitats d'EMERGÈNCIA,Subministraments,0,2020-07-23T00:00:00Z,"ROCHE DIAGNOSTICS, S.L.",1708.97,https://contractaciopublica.gencat.cat/ecofin_pscp/AppJava/awardnotice.pscp?reqCode=viewPcan&idDoc=66328502&lawType=3,33140000,2020-05-25T00:00:00Z
DEPARTAMENTS I SECTOR PÚBLIC DE LA GENERALITAT DE CATALUNYA,Consorci Hospital Clínic de Barcelona (HCB),Hospital Clinic of Barcelona,https://www.wikidata.org/entity/Q2371388,2020/1040,0055,Material de cures i apòsits,Subministrament de material de cures i apòsits - Publicació MASSIVA de contractes tramitats d'EMERGÈNCIA,Subministraments,0,2020-06-09T00:00:00Z,IZASA HOSPITAL S.L.U.,120,https://contractaciopublica.gencat.cat/ecofin_pscp/AppJava/awardnotice.pscp?reqCode=viewPcan&idDoc=63999846&lawType=3,33141110,2020-03-16T00:00:00Z
DEPARTAMENTS I SECTOR PÚBLIC DE LA GENERALITAT DE CATALUNYA,Institut Català de la Salut (ICS),Institut Català de la Salut,https://www.wikidata.org/entity/Q11926710,021C-2020-CEM,0056,Reforç bugaderia octubre,Reforç del servei de bugaderia per l'Hospital Universitari Germans Trias i Pujol,Serveis,27840,2020-06-25T00:00:00Z,ILUNION BUGADERIES CATALUNYA SAU,2900,https://contractaciopublica.gencat.cat/ecofin_pscp/AppJava/awardnotice.pscp?reqCode=viewPcan&idDoc=64683642&lawType=3,98311100,2020-04-06T00:00:00Z
DEPARTAMENTS I SECTOR PÚBLIC DE LA GENERALITAT DE CATALUNYA,Fundació Centre de Regulació Genòmica,Centre for Genomic Regulation,https://www.wikidata.org/entity/Q11913498,CONTRACTE 31 - TRAMITACIÓ EMERGÈNCIA COVID-19,0057,COSTOS GENERALS (ASSEGURANÇA EQUIPAMENT CIENTÍFIC),"Assegurança per equipament científic, per realitzar tests de detecció massiva de COVID-19",Serveis,1688.44,2020-06-23T00:00:00Z,GRUPO GALILEA PUIG CORREDURIAS DESEGUROS S.A,1688.44,https://contractaciopublica.gencat.cat/ecofin_pscp/AppJava/awardnotice.pscp?reqCode=viewPcan&idDoc=64627836&lawType=3,66000000,2020-06-18T00:00:00Z
DEPARTAMENTS I SECTOR PÚBLIC DE LA GENERALITAT DE CATALUNYA,Consorci Sanitari de Terrassa,Consorci Sanitari de Terrassa,https://www.wikidata.org/entity/Q20105388,COVID-13 (3),0058,Productes farmacèutics,Publicació massiva de contractes d¿emergència,Subministraments,0,2020-05-29T00:00:00Z,"NOVARTIS FARMACEUTICA, SA",24593.16,https://contractaciopublica.gencat.cat/ecofin_pscp/AppJava/awardnotice.pscp?reqCode=viewPcan&idDoc=63270431&lawType=3,33000000,2020-05-19T00:00:00Z
DEPARTAMENTS I SECTOR PÚBLIC DE LA GENERALITAT DE CATALUNYA,Institut Català de la Salut (ICS),Institut Català de la Salut,https://www.wikidata.org/entity/Q11926710,CS/CC00/1101200414/20/CMUI,0059,CONTRACTACIÓ EMERGÈNCIA SUBMINISTRAMENT Prv rp sng IgG/IgM CoviD19,Contractació emergència subministrament prv rp sng igg/igm covid19,Subministraments,1680000,2020-07-03T00:00:00Z,ABBOTT RAPID DIAGNOSTICS HEALTHCARE,1680000,https://contractaciopublica.gencat.cat/ecofin_pscp/AppJava/awardnotice.pscp?reqCode=viewPcan&idDoc=65170931&lawType=3,33140000,2020-05-15T00:00:00Z
DEPARTAMENTS I SECTOR PÚBLIC DE LA GENERALITAT DE CATALUNYA,Institut d'Assistència Sanitària (IAS),Institut d'Assistència Sanitària,https://www.wikidata.org/entity/Q30285209,CONTR/2020/0000000020,0060,Z NETEJADOR HIDROALCOHOLIC AQUAGENOLZ DETERGENT ECOMIX PURE BIOMETZ DILUSOR DETERGENT ECOMIX PURE BIOMET,Subministrament de material sanitari corresponent al mes de març 2020 per atendre la urgència de la COVID_19 (Serveis Logístics) de L'IAS,Subministraments,226476.57,2020-05-15T00:00:00Z,DIBOSCH,2124.95,https://contractaciopublica.gencat.cat/ecofin_pscp/AppJava/awardnotice.pscp?reqCode=viewPcan&idDoc=62152530&lawType=3,33140000,2020-04-30T00:00:00Z
DEPARTAMENTS I SECTOR PÚBLIC DE LA GENERALITAT DE CATALUNYA,Consorci Hospital Clínic de Barcelona (HCB),Hospital Clinic of Barcelona,https://www.wikidata.org/entity/Q2371388,2020/1047,0061,Mat.limp. farmacia,"Subministrament de material de ferreteria, neteja, rober, comestibles i altres materials no sanitaris - Publicació MASSIVA de contractes tramitats d'EMERGÈNCIES",Subministraments,0,2020-06-09T00:00:00Z,LAINCO SA,2337.89,https://contractaciopublica.gencat.cat/ecofin_pscp/AppJava/awardnotice.pscp?reqCode=viewPcan&idDoc=64002747&lawType=3,44316000,2020-03-16T00:00:00Z
DEPARTAMENTS I SECTOR PÚBLIC DE LA GENERALITAT DE CATALUNYA,Institut Català de la Salut (ICS),Institut Català de la Salut,https://www.wikidata.org/entity/Q11926710,CS/AH03/1101204231/20/CMUI,0062,Subministrament de reactius i material de laboratori destinats a ladiagnosi in-vitro de la malaltia del Coronavirus,Subministrament de reactius i material de laboratori destinats a ladiagnosi in-vitro de la malaltia del Coronavirus,Subministraments,991954.4,2020-06-22T00:00:00Z,ABBOTT LABORATORIES S.A.,1150,https://contractaciopublica.gencat.cat/ecofin_pscp/AppJava/awardnotice.pscp?reqCode=viewPcan&idDoc=64510727&lawType=3,33696500,2020-06-18T00:00:00Z
DEPARTAMENTS I SECTOR PÚBLIC DE LA GENERALITAT DE CATALUNYA,Consorci Hospital Clínic de Barcelona (HCB),Hospital Clinic of Barcelona,https://www.wikidata.org/entity/Q2371388,2020/1002,0063,TELEFONO DIGITAL DIALOG 4223,Subministrament d'equipament i mobiliari mèdic i no mèdic - Publicació MASSIVA de contractes tramitats d'EMERGÈNCIA,Subministraments,0,2020-06-09T00:00:00Z,"SUEPRAT BARCELONA, S.L.",836,https://contractaciopublica.gencat.cat/ecofin_pscp/AppJava/awardnotice.pscp?reqCode=viewPcan&idDoc=63770254&lawType=3,33000000,2020-03-16T00:00:00Z
DEPARTAMENTS I SECTOR PÚBLIC DE LA GENERALITAT DE CATALUNYA,Consorci Hospital Clínic de Barcelona (HCB),Hospital Clinic of Barcelona,https://www.wikidata.org/entity/Q2371388,2020/1081,0064,Material Fungible Sanitari,Subministrament de material fungible sanitari - Publicació MASSIVA contractes tramitats d'EMERGÈNCIA,Subministraments,0,2020-07-01T00:00:00Z,FIRMA AMBU S.L.,7123.51,https://contractaciopublica.gencat.cat/ecofin_pscp/AppJava/awardnotice.pscp?reqCode=viewPcan&idDoc=65019716&lawType=3,33140000,2020-04-29T00:00:00Z
DEPARTAMENTS I SECTOR PÚBLIC DE LA GENERALITAT DE CATALUNYA,Consorci Sanitari de l'Alt Penedès i Garraf,Consorci Sanitari de l'Alt Penedès,https://www.wikidata.org/entity/Q87902215,CSAPG CE 2020/04,0065,Subministrament d'un Videolaringoscop Glidescope Core Titànium + Pala Titànium pel servei d'anestèsia de l'Hospital Residència Sant Camil (Exp CSAPG CE 2020/04),"subministrament d'un Videolaringoscop Glidescope Core Titànium + Pala Titànium pel servei d'anestèsia de l'Hospital Residència Sant Camil, per encàrrec del Consorci Sanitari de l'Alt Penedès i Garraf, per tal de fer front a la crisi sanitària del COVID-19.",Subministraments,16830,2020-05-29T00:00:00Z,"BEMASCE TECNICA, S.L.",16830,https://contractaciopublica.gencat.cat/ecofin_pscp/AppJava/awardnotice.pscp?reqCode=viewPcan&idDoc=62883635&lawType=3,33100000,2020-03-24T00:00:00Z
DEPARTAMENTS I SECTOR PÚBLIC DE LA GENERALITAT DE CATALUNYA,Consorci Hospital Clínic de Barcelona (HCB),Hospital Clinic of Barcelona,https://www.wikidata.org/entity/Q2371388,2020-1109,0066,2020-1109 - Subministrament de material de protecció - Publicació contracte tramitat d'EMERGÈNCIA,Subministrament de material de protecció - Publicació contracte tramitat d'EMERGÈNCIA,Subministraments,62799.1,2020-07-22T00:00:00Z,PROTEC SOLANA S.L.,62799.1,https://contractaciopublica.gencat.cat/ecofin_pscp/AppJava/awardnotice.pscp?reqCode=viewPcan&idDoc=66232079&lawType=3,33140000,2020-05-25T00:00:00Z
DEPARTAMENTS I SECTOR PÚBLIC DE LA GENERALITAT DE CATALUNYA,Sistema d'Emergències Mèdiques SA (SEMSA),Emergency Medical System,https://www.wikidata.org/entity/Q6129738,CE146/2020,0067,COMPRA EMERGÈNCIA 146: Servei de suport per la selecció i valoració d'oxígen per residències,Servei de suport per la selecció i valoració d'oxígen per residències,Serveis,58476,2020-06-30T00:00:00Z,"JG Ingenieros, SA",58476,https://contractaciopublica.gencat.cat/ecofin_pscp/AppJava/awardnotice.pscp?reqCode=viewPcan&idDoc=63826076&lawType=3,71356400,2020-06-05T00:00:00Z
DEPARTAMENTS I SECTOR PÚBLIC DE LA GENERALITAT DE CATALUNYA,Centre de Telecomunicacions i Tecnologies de la Informació de la Generalitat de Catalunya,Centre de Telecomunicacions i Tecnologies de la Informació de la Generalitat de Catalunya,https://www.wikidata.org/entity/Q38188558,CTTI-2020-197,0068,Servei de desenvolupament de noves funcionalitats en els sistemes d'informació del Departament d'Educació per atendre l'emergència de la COVID-19.,Servei de desenvolupament de noves funcionalitats en els sistemes d'informació del Departament d'Educació per tal que l'alumnat pogués continuar de manera telemática el curs 2019-2020.,Serveis,17697.26,2020-07-02T00:00:00Z,IThinkUPC S.L.,17697.26,https://contractaciopublica.gencat.cat/ecofin_pscp/AppJava/awardnotice.pscp?reqCode=viewPcan&idDoc=65077256&lawType=3,72212517,2020-06-30T00:00:00Z
DEPARTAMENTS I SECTOR PÚBLIC DE LA GENERALITAT DE CATALUNYA,Consorci Hospitalari de Vic,Consorci Hospitalari de Vic,https://www.wikidata.org/entity/Q87771328,CHV CE 40/20,0069,SOC UNISEX BLAU-36 S/FORATS A/TIRA,Publicació massiva de contractes tramitats d'emergència .,Subministraments,0,2020-07-14T00:00:00Z,"DIVISION ANATOMICOS, S.L.",42809.64,https://contractaciopublica.gencat.cat/ecofin_pscp/AppJava/awardnotice.pscp?reqCode=viewPcan&idDoc=65442888&lawType=3,33000000,2020-03-13T00:00:00Z
DEPARTAMENTS I SECTOR PÚBLIC DE LA GENERALITAT DE CATALUNYA,Institut Català de la Salut (ICS),Institut Català de la Salut,https://www.wikidata.org/entity/Q11926710,CS/AH03/1101204271/20/CMUI,0070,Subministrament de reactius i material de laboratori destinats a ladiagnosi in-vitro de la malaltia del Coronavirus,Subministrament de reactius i material de laboratori destinats a ladiagnosi in-vitro de la malaltia del Coronavirus,Subministraments,991954.4,2020-06-22T00:00:00Z,SARSTEDT S.A.U.,4435.2,https://contractaciopublica.gencat.cat/ecofin_pscp/AppJava/awardnotice.pscp?reqCode=viewPcan&idDoc=64510727&lawType=3,33696500,2020-06-18T00:00:00Z
DEPARTAMENTS I SECTOR PÚBLIC DE LA GENERALITAT DE CATALUNYA,Departament d'Interior,Ministry of Home Affairs of Catalonia,https://www.wikidata.org/entity/Q6590396,IT-2020-394,0071,Subministrament de 9.800 mantes per a detinguts ACD,"Subministrament 9.800 mantes per a detinguts, davant la pandèmia del COVID 19",Subministraments,22702,2020-04-17T00:00:00Z,CLOSA SEBASTIA SL,22702,https://contractaciopublica.gencat.cat/ecofin_pscp/AppJava/awardnotice.pscp?reqCode=viewPcan&idDoc=61462603&lawType=3,39511100,2020-04-08T00:00:00Z
DEPARTAMENTS I SECTOR PÚBLIC DE LA GENERALITAT DE CATALUNYA,Consorci Hospitalari de Vic,Consorci Hospitalari de Vic,https://www.wikidata.org/entity/Q87771328,CHV CE 42/20,0072,DAVANTAL POLIETILE BLANC 80X125CM REBUTJ,Publicació massiva de contractes tramitats d'emergència .,Subministraments,0,2020-07-14T00:00:00Z,FUGAPLAST S.L.,6142.93,https://contractaciopublica.gencat.cat/ecofin_pscp/AppJava/awardnotice.pscp?reqCode=viewPcan&idDoc=65442888&lawType=3,33000000,2020-03-13T00:00:00Z
DEPARTAMENTS I SECTOR PÚBLIC DE LA GENERALITAT DE CATALUNYA,Departament d'Interior,Ministry of Home Affairs of Catalonia,https://www.wikidata.org/entity/Q6590396,IT-2020-609,0073,"Subministrament de 28 galledes de goma de 10 L per a la Direcció General de Prevenció, Extinció d'Incendis i Salvaments","Subministrament de 28 galledes de goma de 10 L per a la Direcció General de Prevenció, Extinció d'Incendis i Salvaments",Subministraments,256.76,2020-07-08T00:00:00Z,"SUC DE J. MORELL, S.A.",256.76,https://contractaciopublica.gencat.cat/ecofin_pscp/AppJava/awardnotice.pscp?reqCode=viewPcan&idDoc=65419494&lawType=3,39224330,2020-06-25T00:00:00Z
DEPARTAMENTS I SECTOR PÚBLIC DE LA GENERALITAT DE CATALUNYA,Institut Català de la Salut (ICS),Institut Català de la Salut,https://www.wikidata.org/entity/Q11926710,CS/CC00/1101196308/20/CMUI,0074,CONTRACTACIÓ EMERGÈNCIA SUBMINISTRAMENT BATES,Contractació emergència subministrament bates,Subministraments,2123.8,2020-05-28T00:00:00Z,DISTRAUMA MEDICAL SL,2123.8,https://contractaciopublica.gencat.cat/ecofin_pscp/AppJava/awardnotice.pscp?reqCode=viewPcan&idDoc=63214737&lawType=3,33140000,2020-04-02T00:00:00Z
DEPARTAMENTS I SECTOR PÚBLIC DE LA GENERALITAT DE CATALUNYA,Banc de Sang i Teixits (BST),Banc de Sang i Teixits,https://www.wikidata.org/entity/Q24810128,Menors emergència,0075,COVID19 Servei extra de neteja a BST Badalona,Publicació massiva de contractes menors amb tramitació d'emergència,Subministraments,0,2020-05-14T00:00:00Z,"CLECE, S.A.",2739.3,https://contractaciopublica.gencat.cat/ecofin_pscp/AppJava/awardnotice.pscp?reqCode=viewPcan&idDoc=62423910&lawType=3,35113410,2020-05-14T00:00:00Z
DEPARTAMENTS I SECTOR PÚBLIC DE LA GENERALITAT DE CATALUNYA,Servei Català de la Salut (CatSalut),CatSalut,https://www.wikidata.org/entity/Q8342755,4.1-Allotjament de professionals,0076,Allotjament de professionals sanitaris en les instal.lacions de l'Hostal La Creu,"Publicació massiva de contractes tramitats per emergència, dels serveis d'allotjament de professionals  en el marc de l'estratègia de resposta a l'epidèmia del SARS-CoV-2.",Serveis,0,2020-05-20T00:00:00Z,"GUIRAO-MORILLO, S.L.",2345.4,https://contractaciopublica.gencat.cat/ecofin_pscp/AppJava/awardnotice.pscp?reqCode=viewPcan&idDoc=62073594&lawType=3,55110000,2020-05-20T00:00:00Z
DEPARTAMENTS I SECTOR PÚBLIC DE LA GENERALITAT DE CATALUNYA,Consorci Mar Parc de Salut de Barcelona,Consorci Mar Parc de Salut de Barcelona,https://www.wikidata.org/entity/Q87775501,113/2020,0077,3 Respiradors trilogy,"Publicació massiva de la contractació mitjançant procediment d'emergència d'obres, subministraments i serveis relacionats amb les mesures adoptades per fer front a la situació de crisi sanitària ocasionada per la COVID-19 del Consorci Mar Parc de Salut de Barcelona (correspon als mesos de març i abril).",Subministraments,2237949.59,2020-06-03T00:00:00Z,DEXTRO MEDICA SL,26700,https://contractaciopublica.gencat.cat/ecofin_pscp/AppJava/awardnotice.pscp?reqCode=viewPcan&idDoc=63458702&lawType=3,33100000,2020-05-29T00:00:00Z
DEPARTAMENTS I SECTOR PÚBLIC DE LA GENERALITAT DE CATALUNYA,Institut d'Investigació Biomèdica de Bellvitge (IDIBELL),Bellvitge Biomedical Research Institute,https://www.wikidata.org/entity/Q5906781,PCP-2032,0078,Contractació d'una CRO pel desenvolupament de l'assaig clínic randomitzat Fase II per avaluar l'efecte de Pirfenidona comparat amb placebo en fibrosis pulmonar post-COVID19,Contractació relativa a la contractació d'una CRO pel desenvolupament de l'assaig clínic randomitzat Fase II per a avaluar l'efecte de Pirfenidona comparat amb placebo en fibrosis pulmonar post-COVID19,Serveis,233441,2020-06-17T00:00:00Z,"DYNAMIC SCIENCE, S.L.",213241,https://contractaciopublica.gencat.cat/ecofin_pscp/AppJava/awardnotice.pscp?reqCode=viewDcan&idDoc=64308329&lawType=3,73100000,2020-06-16T00:00:00Z
DEPARTAMENTS I SECTOR PÚBLIC DE LA GENERALITAT DE CATALUNYA,Institut Català de la Salut (ICS),Institut Català de la Salut,https://www.wikidata.org/entity/Q11926710,1101196247,0079,Cables pressió,"Subministrament d'aparells mèdics, materials per a equipament mèdic, mobiliari clínic i general i obres de condicionament per tal facilitar el tractament adequat de pacients afectats per SARS¿CoV¿2 de l'Hospital Universitari Germans Trias i Pujol",Subministraments,364225.45,2020-06-12T00:00:00Z,EDWARDS LIFESCIENCES. S.L.,3600,https://contractaciopublica.gencat.cat/ecofin_pscp/AppJava/awardnotice.pscp?reqCode=viewPcan&idDoc=64015443&lawType=3,33190000,2020-03-20T00:00:00Z
DEPARTAMENTS I SECTOR PÚBLIC DE LA GENERALITAT DE CATALUNYA,Institut Català de la Salut (ICS),Institut Català de la Salut,https://www.wikidata.org/entity/Q11926710,CS/CC00/1101200144/20/CMUI,0080,CONTRACTACIÓ EMERGÈNCIA SUBMINISTRAMENT ESCOVILLONS,Contractació emergència subministrament escovillons,Subministraments,10650,2020-06-15T00:00:00Z,"DELTALAB, SL",10650,https://contractaciopublica.gencat.cat/ecofin_pscp/AppJava/awardnotice.pscp?reqCode=viewPcan&idDoc=64102048&lawType=3,33140000,2020-05-13T00:00:00Z
DEPARTAMENTS I SECTOR PÚBLIC DE LA GENERALITAT DE CATALUNYA,Institut Català de la Salut (ICS),Institut Català de la Salut,https://www.wikidata.org/entity/Q11926710,CS/AH02/1101198880/20/CMUI,0081,"SUBMINISTRAMENT DE VESTUARI PER PROFESSIONALS, GORRA DE DONA, PER L'HOSPITAL UNIVERSITARI DE BELLVITGE","Subministrament de vestuari per professionals, gorra de dona per l'Hospital Universitari de Bellvitge",Subministraments,220,2020-05-14T00:00:00Z,"PALEX MEDICAL,S.A.",220,https://contractaciopublica.gencat.cat/ecofin_pscp/AppJava/awardnotice.pscp?reqCode=viewPcan&idDoc=62444382&lawType=3,33199000,2020-04-29T00:00:00Z
DEPARTAMENTS I SECTOR PÚBLIC DE LA GENERALITAT DE CATALUNYA,Ferrocarrils de la Generalitat de Catalunya,Ferrocarrils de la Generalitat de Catalunya,https://www.wikidata.org/entity/Q83819,CONTE/2020/000000056,0082,Servei de col.locació vinils per motiu la pandèmia del COVID a 9 trens (PEMC24/20),Servei de col.locació vinils per motiu la pandèmia del COVID a 9 trens (PEMC24/20),Serveis,1550,2020-06-23T00:00:00Z,"RED CIVIL, S. L. U.",1550,https://contractaciopublica.gencat.cat/ecofin_pscp/AppJava/awardnotice.pscp?reqCode=viewDcan&idDoc=64584350&lawType=3,34928470,2020-06-22T00:00:00Z
DEPARTAMENTS I SECTOR PÚBLIC DE LA GENERALITAT DE CATALUNYA,Institut Català de la Salut (ICS),Institut Català de la Salut,https://www.wikidata.org/entity/Q11926710,CS/AH03/1101202862/20/CEM,0083,Subministrament de dues cabines de seguretat biològica classe II per l'Hospital Universitari Germans Trias i Pujol,Subministrament de dues cabines de seguretat biològica classe II per l'Hospital Universitari Germans Trias i Pujol,Subministraments,18191.26,2020-07-09T00:00:00Z,NIRCO SL,18191.26,https://contractaciopublica.gencat.cat/ecofin_pscp/AppJava/awardnotice.pscp?reqCode=viewPcan&idDoc=65537157&lawType=3,35113200,2020-06-04T00:00:00Z
DEPARTAMENTS I SECTOR PÚBLIC DE LA GENERALITAT DE CATALUNYA,Centre de Telecomunicacions i Tecnologies de la Informació de la Generalitat de Catalunya,Centre de Telecomunicacions i Tecnologies de la Informació de la Generalitat de Catalunya,https://www.wikidata.org/entity/Q38188558,CTTI-2020-80,0084,Subministrament de guants per al CTTI,"Subministrament de guants per a la prevenció del contagi de la COVID-19, a les dependències del Centre de Telecomunicacions i Tecnologies de la Informació per al personal mínim necessari que no pot prestar els seus serveis de forma remota.",Subministraments,660,2020-05-05T00:00:00Z,"LYRECO ESPAÑA, SA",660,https://contractaciopublica.gencat.cat/ecofin_pscp/AppJava/awardnotice.pscp?reqCode=viewPcan&idDoc=61889161&lawType=3,18143000,2020-04-30T00:00:00Z
DEPARTAMENTS I SECTOR PÚBLIC DE LA GENERALITAT DE CATALUNYA,Consorci Mar Parc de Salut de Barcelona,Consorci Mar Parc de Salut de Barcelona,https://www.wikidata.org/entity/Q87775501,141/2020,0085,Ampliació central de telefonia NEC SIP@NET server del PSMar amb els elements necessaris per instal·lar terminals telefònics software de forma remota i habilitar el teletreball.Aquests elements són: 100 unitats de software SoftPhone BRIA5 + el servei de configuració i suport,"Publicació massiva de la contractació mitjançant procediment d'emergència d'obres, subministraments i serveis relacionats amb les mesures adoptades per fer front a la situació de crisi sanitària ocasionada per la COVID-19 del Consorci Mar Parc de Salut de Barcelona (correspon als mesos de març i abril).",Subministraments,2237949.59,2020-06-03T00:00:00Z,"CONNECTIS ICT SERVICES, S.A.",5300,https://contractaciopublica.gencat.cat/ecofin_pscp/AppJava/awardnotice.pscp?reqCode=viewPcan&idDoc=63458702&lawType=3,33100000,2020-05-29T00:00:00Z
DEPARTAMENTS I SECTOR PÚBLIC DE LA GENERALITAT DE CATALUNYA,Departament de Justícia,Ministry of Justice of Catalonia,https://www.wikidata.org/entity/Q4889561,JU-2020-324,0086,COVID-19  Gel hidroalcohòlic: ampolla 100 ml,Publicació massiva contractes tramitats d'emergencia a 29.05.2020,Subministraments,0,2020-05-29T00:00:00Z,FIRA INTERNACIONAL DE BARCELONA,74414.4,https://contractaciopublica.gencat.cat/ecofin_pscp/AppJava/awardnotice.pscp?reqCode=viewPcan&idDoc=63249448&lawType=3,33700000-7,2020-04-30T00:00:00Z
DEPARTAMENTS I SECTOR PÚBLIC DE LA GENERALITAT DE CATALUNYA,Consorci Corporació Sanitària Parc Taulí de Sabadell,Consorci Corporació Sanitària Parc Taulí,https://www.wikidata.org/entity/Q30286995,20COVID46-1,0087,Subministrament material sanitari - 20COVID46-1,Subministrament material sanitari,Subministraments,32400,2020-07-20T00:00:00Z,NIRCO SL,32400,https://contractaciopublica.gencat.cat/ecofin_pscp/AppJava/awardnotice.pscp?reqCode=viewPcan&idDoc=66101070&lawType=3,33140000,2020-05-25T00:00:00Z
DEPARTAMENTS I SECTOR PÚBLIC DE LA GENERALITAT DE CATALUNYA,Institut Català de la Salut (ICS),Institut Català de la Salut,https://www.wikidata.org/entity/Q11926710,CS/AH05/1101195023/20/CMPE,0088,Macerador d'eliminació de cunyes per a l'hospital de dia de l'Hospital Joan XXIII de Tarragona.COVID-19,Macerador d'eliminació de cunyes per a l'hospital de dia de l'Hospital Joan XXIII de Tarragona.COVID-19,Subministraments,6200,2020-04-30T00:00:00Z,PRIM SA,6200,https://contractaciopublica.gencat.cat/ecofin_pscp/AppJava/awardnotice.pscp?reqCode=viewPcan&idDoc=61809955&lawType=3,33192000,2020-03-25T00:00:00Z
DEPARTAMENTS I SECTOR PÚBLIC DE LA GENERALITAT DE CATALUNYA,Centre de Telecomunicacions i Tecnologies de la Informació de la Generalitat de Catalunya,Centre de Telecomunicacions i Tecnologies de la Informació de la Generalitat de Catalunya,https://www.wikidata.org/entity/Q38188558,CTTI-2020-182,0089,Implantació d'un OCR per validar documents de sol·licituds per prestació per subministraments bàsics.,"Fer ús de sistemes de captura i reconeixement d'imatge OCR, que permetin validar de manera ràpida i fiable la documentació que el ciutadà aporta per tal d'acreditar la seva identitat i titularitat bancària, abans de fer el pagament de la Prestació extraordinària per a subministraments bàsics.",Serveis,19249.89,2020-06-22T00:00:00Z,"Everis Spain, S.L.U.",19249.89,https://contractaciopublica.gencat.cat/ecofin_pscp/AppJava/awardnotice.pscp?reqCode=viewPcan&idDoc=64534875&lawType=3,72500000,2020-06-20T00:00:00Z
DEPARTAMENTS I SECTOR PÚBLIC DE LA GENERALITAT DE CATALUNYA,Consorci Sanitari de l'Anoia,Consorci Sanitari de l’Anoia,https://www.wikidata.org/entity/Q87651931,CE_CSA_2020_20 llicències,0090,Subministrament 20 llicències Horizon View per ampliació teletreball Covid19,Subministrament de 20 llicències Horizon View per l'ampliació del teletreball Covid19 al Consorci Sanitari de l'Anoia,Subministraments,3473.8,2020-05-14T00:00:00Z,Internacional Periféricos y Memorias España SL,3473.8,https://contractaciopublica.gencat.cat/ecofin_pscp/AppJava/awardnotice.pscp?reqCode=viewPcan&idDoc=62463145&lawType=3,48218000,2020-03-16T00:00:00Z
DEPARTAMENTS I SECTOR PÚBLIC DE LA GENERALITAT DE CATALUNYA,Sistema d'Emergències Mèdiques SA (SEMSA),Emergency Medical System,https://www.wikidata.org/entity/Q6129738,CE160/2020,0091,COMPRA EMERGÈNCIA 160: Subministrament Granotes de protecció 5/6 Talla XXL,Subministrament Granotes de protecció 5/6 Talla XXL,Subministraments,13923,2020-06-30T00:00:00Z,Iturri SA,13923,https://contractaciopublica.gencat.cat/ecofin_pscp/AppJava/awardnotice.pscp?reqCode=viewPcan&idDoc=64910103&lawType=3,18114000,2020-06-17T00:00:00Z
DEPARTAMENTS I SECTOR PÚBLIC DE LA GENERALITAT DE CATALUNYA,Institut Català de la Salut (ICS),Institut Català de la Salut,https://www.wikidata.org/entity/Q11926710,CS/AH04/1101199286/20/CMUI,0092,"subministrament d'un ecògraf Xario 100 G, necessari per a l'epidèmia del SARS-CoV-2 per a l¿Hospital universitari de Girona Dr. Josep Trueta.","subministrament d'un ecògraf Xario 100 G, necessari per a l'epidèmia del SARS-CoV-2 per a l¿Hospital universitari de Girona Dr. Josep Trueta.",Subministraments,20000,2020-05-18T00:00:00Z,CANON  MEDICAL SYSTEMS,20000,https://contractaciopublica.gencat.cat/ecofin_pscp/AppJava/awardnotice.pscp?reqCode=viewPcan&idDoc=62369505&lawType=3,33100000,2020-05-05T00:00:00Z
DEPARTAMENTS I SECTOR PÚBLIC DE LA GENERALITAT DE CATALUNYA,Servei Català de la Salut (CatSalut),CatSalut,https://www.wikidata.org/entity/Q8342755,5.1-Allotjament de pacients,0093,Atenció i allotjament a l'Hotel Mon Sant Benet de pacients provinents del Centre Residencial Sant Andreu Salut,"Publicació massiva de contractes tramitats per emergència, dels serveis d'allotjament de pacients  en el marc de l'estratègia de resposta a l'epidèmia del SARS-CoV-2.",Serveis,0,2020-05-20T00:00:00Z,"MON SANT BENET, S.L.U.",62745,https://contractaciopublica.gencat.cat/ecofin_pscp/AppJava/awardnotice.pscp?reqCode=viewPcan&idDoc=62074006&lawType=3,98341000,2020-05-20T00:00:00Z
DEPARTAMENTS I SECTOR PÚBLIC DE LA GENERALITAT DE CATALUNYA,Consorci Hospital Clínic de Barcelona (HCB),Hospital Clinic of Barcelona,https://www.wikidata.org/entity/Q2371388,2020/1053,0094,Material Fungible Sanitari,Subministrament de material fungible sanitari - Publicació MASSIVA contractes tramitats d'EMERGÈNCIA,Subministraments,0,2020-06-09T00:00:00Z,"LABORATORIO ALDO-UNIÓN, S",121.8,https://contractaciopublica.gencat.cat/ecofin_pscp/AppJava/awardnotice.pscp?reqCode=viewPcan&idDoc=64000852&lawType=3,33140000,2020-03-16T00:00:00Z
DEPARTAMENTS I SECTOR PÚBLIC DE LA GENERALITAT DE CATALUNYA,Consorci Sanitari del Maresme,Maresme Health Consortium,https://www.wikidata.org/entity/Q30263759,CSdM 30/20ASS,0095,Subministrament d'un equip de funcio pulmonar,Publicació massiva de contractes tramitats d'emergència .,Subministraments,0,2020-05-20T00:00:00Z,"Hospital Hispania, SL",99990,https://contractaciopublica.gencat.cat/ecofin_pscp/AppJava/awardnotice.pscp?reqCode=viewPcan&idDoc=62744939&lawType=3,33111000,2020-05-19T00:00:00Z
DEPARTAMENTS I SECTOR PÚBLIC DE LA GENERALITAT DE CATALUNYA,Institut Català de la Salut (ICS),Institut Català de la Salut,https://www.wikidata.org/entity/Q11926710,1101197820,0096,SANEJAMENT,Contractació del'edifici de modular de 4000m2. Obres d'instal·lació i mobiliari tècnic. Hospital Universitari Germans Trias i Pujol,Obres,4112012.41,2020-06-12T00:00:00Z,CONSTRUCCIONS ARIDS I FORMIGONS SA,12547.82,https://contractaciopublica.gencat.cat/ecofin_pscp/AppJava/awardnotice.pscp?reqCode=viewPcan&idDoc=64027573&lawType=3,45215140,2020-05-04T00:00:00Z
DEPARTAMENTS I SECTOR PÚBLIC DE LA GENERALITAT DE CATALUNYA,Consorci Sanitari de l'Anoia,Consorci Sanitari de l’Anoia,https://www.wikidata.org/entity/Q87651931,CE_CSA_2020 Uniformitat II,0097,Subministrament uniformitat per al personal del CSA,Subministrament uniformitat per al personal del CSA,Subministraments,1000,2020-06-25T00:00:00Z,IPP Uniformes SL,1000,https://contractaciopublica.gencat.cat/ecofin_pscp/AppJava/awardnotice.pscp?reqCode=viewPcan&idDoc=64683760&lawType=3,39518000,2020-06-17T00:00:00Z
DEPARTAMENTS I SECTOR PÚBLIC DE LA GENERALITAT DE CATALUNYA,Consorci Hospitalari de Vic,Consorci Hospitalari de Vic,https://www.wikidata.org/entity/Q87771328,CHV CE 48/20,0098,LOPINAVIR+RITONAVIR 200/50MG comp(MSE),Publicació massiva de contractes tramitats d'emergència .,Subministraments,0,2020-07-14T00:00:00Z,"ACCORD HEALTHCARE, S.L.U.",19195.49,https://contractaciopublica.gencat.cat/ecofin_pscp/AppJava/awardnotice.pscp?reqCode=viewPcan&idDoc=65442888&lawType=3,33000000,2020-03-13T00:00:00Z