Centro;Descripcion Centro;Capitulo;Descripcion Capitulo;Economico;Descripcion Economico;PREV.INICIAL;MODIFICACIONES;PREV.DEFINITIV;D. RECON.NETOS;RECAUDADO
1;AYUNTAMIENTO DE MADRID;1;IMPUESTOS DIRECTOS;10000;IMPUESTO SOBRE LA RENTA DE LAS PERSONAS FÍSICAS;130870793;0;130870793;154049253;154049253
1;AYUNTAMIENTO DE MADRID;1;IMPUESTOS DIRECTOS;11200;IMPUESTO S/BIENES INMUEBLES DE NATURALEZA RÚSTICA;643044;0;643044;810994,07;546520,39
1;AYUNTAMIENTO DE MADRID;1;IMPUESTOS DIRECTOS;11300;IMPUESTO S/ BIENES INMUEBLES DE NATURALEZA URBANA;1426693904;0;1426693904;1475214178;1364511829
1;AYUNTAMIENTO DE MADRID;1;IMPUESTOS DIRECTOS;11400;IMPUESTO S/ BIENES INMUEBLES CARACTER. ESPECIALES;51261112;0;51261112;51268306,12;50674985,44
1;AYUNTAMIENTO DE MADRID;1;IMPUESTOS DIRECTOS;11500;IMPUESTO SOBRE VEHÍCULOS DE TRACCIÓN MECÁNICA;134296479;0;134296479;151602277,8;116697189,8
1;AYUNTAMIENTO DE MADRID;1;IMPUESTOS DIRECTOS;11600;IMPUESTO S/ EL INCREMENTO DE VALOR DE LOS TERRENOS;516768594;0;516768594;580358903,5;510789018,3
1;AYUNTAMIENTO DE MADRID;1;IMPUESTOS DIRECTOS;13000;ACTIVIDADES EMPRESARIALES;130429658;0;130429658;134893788,9;120854719,2
1;AYUNTAMIENTO DE MADRID;1;IMPUESTOS DIRECTOS;13001;ACTIVIDADES PROFESIONALES Y ARTÍSTICAS;1474;0;1474;3059,16;2443,34
1;AYUNTAMIENTO DE MADRID;1;IMPUESTOS DIRECTOS;18900;IMPUESTOS DIRECTOS EXTINGUIDOS;2264;0;2264;5792,31;5792,31
1;AYUNTAMIENTO DE MADRID;2;IMPUESTOS INDIRECTOS;21000;IMPUESTO SOBRE EL VALOR AÑADIDO;72879975;0;72879975;73229503,12;73229503,12
1;AYUNTAMIENTO DE MADRID;2;IMPUESTOS INDIRECTOS;22000;IMPUESTO SOBRE EL ALCOHOL Y BEBIDAS DERIVADAS;913639;0;913639;827265,86;827265,86
1;AYUNTAMIENTO DE MADRID;2;IMPUESTOS INDIRECTOS;22001;IMPUESTO SOBRE LA CERVEZA;337135;0;337135;326143,19;326143,19
1;AYUNTAMIENTO DE MADRID;2;IMPUESTOS INDIRECTOS;22003;IMPUESTO SOBRE LABORES DE TABACO;6538827;0;6538827;5375130,33;5375130,33
1;AYUNTAMIENTO DE MADRID;2;IMPUESTOS INDIRECTOS;22004;IMPUESTO SOBRE HIDROCARBUROS;7728220;0;7728220;7228464,3;7228464,3
1;AYUNTAMIENTO DE MADRID;2;IMPUESTOS INDIRECTOS;22006;IMPUESTO SOBRE PRODUCTOS INTERMEDIOS;21829;0;21829;19434,96;19434,96
1;AYUNTAMIENTO DE MADRID;2;IMPUESTOS INDIRECTOS;29000;IMPUESTO S/CONSTRUCCIONES, INSTALAC. Y OBRAS;88429503;0;88429503;113151204,6;104184111
1;AYUNTAMIENTO DE MADRID;2;IMPUESTOS INDIRECTOS;29100;IMPUESTO COTOS DE CAZA Y PESCA;329;0;329;354,89;354,89
1;AYUNTAMIENTO DE MADRID;3;TASAS Y OTROS INGRESOS;30200;RETIRADA CONTENEDORES DE LA VÍA PÚBLICA;116015;0;116015;124042,12;102082,1
1;AYUNTAMIENTO DE MADRID;3;TASAS Y OTROS INGRESOS;30300;TASA POR GESTIÓN DE RESIDUOS;39824937;0;39824937;40717866,7;35083264,15
1;AYUNTAMIENTO DE MADRID;3;TASAS Y OTROS INGRESOS;30301;VERTEDERO;2602365;0;2602365;2851986,54;2072246
1;AYUNTAMIENTO DE MADRID;3;TASAS Y OTROS INGRESOS;30302;RECOGIDA DE DESECHOS E INCINERACIÓN;78306;0;78306;66215,7;57188,7
1;AYUNTAMIENTO DE MADRID;3;TASAS Y OTROS INGRESOS;30500;SERVICIOS DE HIGIENE Y SALUD PÚBLICA;108842;0;108842;87636,9;67745,84
1;AYUNTAMIENTO DE MADRID;3;TASAS Y OTROS INGRESOS;30600;MANTENIMIENTO DEL SERVICIO DE BOMBEROS;16368000;0;16368000;18773100,44;16743676,21
1;AYUNTAMIENTO DE MADRID;3;TASAS Y OTROS INGRESOS;30900;BOLETIN AYUNTAMIENTO DE MADRID;3000;0;3000;1196,3;1196,3
1;AYUNTAMIENTO DE MADRID;3;TASAS Y OTROS INGRESOS;30901;CENTRO MUNICIPAL DE ACÚSTICA;10070;0;10070;656,01;656,01
1;AYUNTAMIENTO DE MADRID;3;TASAS Y OTROS INGRESOS;30902;TRANSPORTES ESPECIALES;11204;0;11204;16371;16371
1;AYUNTAMIENTO DE MADRID;3;TASAS Y OTROS INGRESOS;30903;COPIAS, FOTOCOPIAS Y FOTOGRAFÍAS;123189;0;123189;70826,55;70826,55
1;AYUNTAMIENTO DE MADRID;3;TASAS Y OTROS INGRESOS;30904;GALERIAS MUNICIPALES DE SERVICIOS;482616;0;482616;4930089,06;2516478,47
1;AYUNTAMIENTO DE MADRID;3;TASAS Y OTROS INGRESOS;30905;DERECHOS DE EXAMEN;196250;0;196250;282429,11;282429,11
1;AYUNTAMIENTO DE MADRID;3;TASAS Y OTROS INGRESOS;30998;TASAS EXTINGUIDAS SERV. PÚBLICOS BÁSICOS;0;0;0;139733,81;-53845,92
1;AYUNTAMIENTO DE MADRID;3;TASAS Y OTROS INGRESOS;31100;SERVICIOS SANITARIOS;922078;0;922078;1157176,65;999404,24
1;AYUNTAMIENTO DE MADRID;3;TASAS Y OTROS INGRESOS;31600;PLANETARIO DE MADRID;500000;0;500000;355902,62;355902,62
1;AYUNTAMIENTO DE MADRID;3;TASAS Y OTROS INGRESOS;31900;MATRIMONIOS CIVILES;204431;0;204431;194170;194170
1;AYUNTAMIENTO DE MADRID;3;TASAS Y OTROS INGRESOS;32100;LICENCIAS URBANÍSTICAS;12753890;0;12753890;15702419,47;13751515,49
1;AYUNTAMIENTO DE MADRID;3;TASAS Y OTROS INGRESOS;32199;OTRAS PRESTACIONES URBANÍSTICAS;2544902;0;2544902;2696178,03;1941733,6
1;AYUNTAMIENTO DE MADRID;3;TASAS Y OTROS INGRESOS;32200;LICENCIAS DE PRIMERA OCUPACIÓN;1200978;0;1200978;1442801,07;1375102,96
1;AYUNTAMIENTO DE MADRID;3;TASAS Y OTROS INGRESOS;32500;EXPEDICIÓN DOCUMENTOS ADMINISTRATIVOS;1108595;0;1108595;1362303,95;1362303,95
1;AYUNTAMIENTO DE MADRID;3;TASAS Y OTROS INGRESOS;32600;RETIRADA DE VEHÍCULOS DE LA VÍA PÚBLICA;5952569;0;5952569;10105516,59;5423994,23
1;AYUNTAMIENTO DE MADRID;3;TASAS Y OTROS INGRESOS;32900;AUTOTAXIS;1117383;0;1117383;993488,47;993488,47
1;AYUNTAMIENTO DE MADRID;3;TASAS Y OTROS INGRESOS;32998;TASAS EXTINGUIDAS POR REALIZACIÓN DE ACTIVIDADES;226146;0;226146;127987,4;127987,4
1;AYUNTAMIENTO DE MADRID;3;TASAS Y OTROS INGRESOS;32999;OTRAS TASAS POR REALIZACIÓN DE ACTIVIDADES;19687;0;19687;8505,7;8505,7
1;AYUNTAMIENTO DE MADRID;3;TASAS Y OTROS INGRESOS;33000;ESTACIONAMIENTO DE VEHÍCULOS DE RESIDENTES;5283945;0;5283945;5527223,07;5527223,07
1;AYUNTAMIENTO DE MADRID;3;TASAS Y OTROS INGRESOS;33001;ESTACIONAMIENTO DE VEHÍCULOS COMERC. E INDUSTR.;4086790;0;4086790;5988340,16;5988340,16
1;AYUNTAMIENTO DE MADRID;3;TASAS Y OTROS INGRESOS;33003;TALLERES DE REPARACIÓN;16211;0;16211;17419,5;17419,5
1;AYUNTAMIENTO DE MADRID;3;TASAS Y OTROS INGRESOS;33011;ESTACIONAMIENTO DE VEHÍCULOS LOTE 1;17664134;0;17664134;16471864,1;16471864,1
1;AYUNTAMIENTO DE MADRID;3;TASAS Y OTROS INGRESOS;33012;ESTACIONAMIENTO DE VEHÍCULOS LOTE 2;24939222;0;24939222;22434438,43;21941998,23
1;AYUNTAMIENTO DE MADRID;3;TASAS Y OTROS INGRESOS;33013;ESTACIONAMIENTO DE VEHÍCULOS LOTE 3;19249358;0;19249358;15057874,39;15057874,39
1;AYUNTAMIENTO DE MADRID;3;TASAS Y OTROS INGRESOS;33017;ESTACIONAMIENTO DE VEHÍCULOS LOTE 4;21347909;0;21347909;19267799,28;19267799,28
1;AYUNTAMIENTO DE MADRID;3;TASAS Y OTROS INGRESOS;33100;ENTRADA DE VEHÍCULOS;26391988;0;26391988;29214147,22;27113617,51
1;AYUNTAMIENTO DE MADRID;3;TASAS Y OTROS INGRESOS;33200;EMPRESAS EXPLOTADORAS SERV. DE SUMINISTROS;42966000;0;42966000;43795254,08;28439124,99
1;AYUNTAMIENTO DE MADRID;3;TASAS Y OTROS INGRESOS;33300;EMPRESAS EXPLOT. SERV. TELECOMUNICACIONES MÓVILES;267875;0;267875;327870,84;2742,72
1;AYUNTAMIENTO DE MADRID;3;TASAS Y OTROS INGRESOS;33301;EMPRESAS EXPLOT. SERV. TELECOMUNICACIONES FIJAS;16334714;0;16334714;16051078,82;984747,79
1;AYUNTAMIENTO DE MADRID;3;TASAS Y OTROS INGRESOS;33400;TASA POR APERTURA DE CALAS Y ZANJAS;227951;0;227951;565927,83;495706,19
1;AYUNTAMIENTO DE MADRID;3;TASAS Y OTROS INGRESOS;33500;TERRAZAS;9603618;0;9603618;8780440,31;5985437,44
1;AYUNTAMIENTO DE MADRID;3;TASAS Y OTROS INGRESOS;33600;TASA CAJEROS AUTOMÁTICOS;479059;0;479059;507835,88;493278,9
1;AYUNTAMIENTO DE MADRID;3;TASAS Y OTROS INGRESOS;33800;COMPENSACIÓN TELEFÓNICA, S.A. (LEY 15/87);15504519;0;15504519;16939034,98;16939034,98
1;AYUNTAMIENTO DE MADRID;3;TASAS Y OTROS INGRESOS;33900;VALLAS Y ANDAMIOS;7653064;0;7653064;10257097,69;7249462,7
1;AYUNTAMIENTO DE MADRID;3;TASAS Y OTROS INGRESOS;33901;PUESTOS;1348667;0;1348667;1537090,59;1212826,85
1;AYUNTAMIENTO DE MADRID;3;TASAS Y OTROS INGRESOS;33902;FIESTAS CALLEJERAS;6159;0;6159;5096,7;5096,7
1;AYUNTAMIENTO DE MADRID;3;TASAS Y OTROS INGRESOS;33903;USOS PARTICULARES DEL SUBSUELO;313883;0;313883;320402,62;314354,28
1;AYUNTAMIENTO DE MADRID;3;TASAS Y OTROS INGRESOS;33904;SURTIDORES DE GASOLINA;692388;0;692388;526961,12;3160,9
1;AYUNTAMIENTO DE MADRID;3;TASAS Y OTROS INGRESOS;33905;CONTENEDORES;1000000;0;1000000;1352788,35;1352502,69
1;AYUNTAMIENTO DE MADRID;3;TASAS Y OTROS INGRESOS;33906;PUBLICIDAD EN VALLAS, ANDAMIOS Y SIMILARES;81775;0;81775;117478,7;85912,02
1;AYUNTAMIENTO DE MADRID;3;TASAS Y OTROS INGRESOS;33907;ACCIONES PUBLICITARIAS EN LA VÍA PÚBLICA;262779;0;262779;342785,48;235943,21
1;AYUNTAMIENTO DE MADRID;3;TASAS Y OTROS INGRESOS;33999;OTROS APROVECHAMIENTOS;5712587;0;5712587;9352750,54;5094984,15
1;AYUNTAMIENTO DE MADRID;3;TASAS Y OTROS INGRESOS;34100;ASESORAMIENTO SANITARIO Y VACUNAS;145327;0;145327;120968,6;120968,6
1;AYUNTAMIENTO DE MADRID;3;TASAS Y OTROS INGRESOS;34101;ANÁLISIS CLÍNICOS;1722;0;1722;5269,19;2254
1;AYUNTAMIENTO DE MADRID;3;TASAS Y OTROS INGRESOS;34200;ESCUELA DE CERÁMICA;96657;0;96657;100160,8;100160,8
1;AYUNTAMIENTO DE MADRID;3;TASAS Y OTROS INGRESOS;34202;ESCUELA DE SALUD PÚBLICA;8433;0;8433;6369,9;6369,9
1;AYUNTAMIENTO DE MADRID;3;TASAS Y OTROS INGRESOS;34300;PISCINAS E INSTALACIONES DEPORTIVAS;31657900;0;31657900;31399739,23;31399739,23
1;AYUNTAMIENTO DE MADRID;3;TASAS Y OTROS INGRESOS;34600;TALLERES CULTURALES;10993721;0;10993721;11066278,07;11066278,07
1;AYUNTAMIENTO DE MADRID;3;TASAS Y OTROS INGRESOS;34601;ACTIVIDADES SOCIALES Y CULTURALES;44734;0;44734;36816,57;36816,57
1;AYUNTAMIENTO DE MADRID;3;TASAS Y OTROS INGRESOS;34602;RESIDENCIAS MUNICIPALES;111007;0;111007;104006,3;104006,3
1;AYUNTAMIENTO DE MADRID;3;TASAS Y OTROS INGRESOS;34603;SERVICIO DE COMEDOR;49556;0;49556;30084,51;30084,51
1;AYUNTAMIENTO DE MADRID;3;TASAS Y OTROS INGRESOS;34606;CENTROS ESCOLARES ABIERTOS;1286798;0;1286798;1126925,12;1126925,12
1;AYUNTAMIENTO DE MADRID;3;TASAS Y OTROS INGRESOS;34607;ESCUELAS INFANTILES MUNICIPALES;266210;0;266210;147589,23;147589,23
1;AYUNTAMIENTO DE MADRID;3;TASAS Y OTROS INGRESOS;34699;OTROS SERVICIOS SOCIO CULTURALES;25000;0;25000;27779,19;27779,19
1;AYUNTAMIENTO DE MADRID;3;TASAS Y OTROS INGRESOS;34700;OBRAS POR PASOS DE CARRUAJES;85469;314139,5;399608,5;375367,03;299058,04
1;AYUNTAMIENTO DE MADRID;3;TASAS Y OTROS INGRESOS;34701;OBRAS EN LA VÍA PUBLICA - DISTRITOS;21519;0;21519;37428;33857,46
1;AYUNTAMIENTO DE MADRID;3;TASAS Y OTROS INGRESOS;34702;OTRAS OBRAS EN LA VÍA PÚBLICA;0;0;0;116217,03;116217,03
1;AYUNTAMIENTO DE MADRID;3;TASAS Y OTROS INGRESOS;34901;CASAS DE BAÑO;41981;0;41981;41621,5;41621,5
1;AYUNTAMIENTO DE MADRID;3;TASAS Y OTROS INGRESOS;34999;OTROS PRECIOS PÚBLICOS;2153360;0;2153360;461780,56;400093,13
1;AYUNTAMIENTO DE MADRID;3;TASAS Y OTROS INGRESOS;36000;VENTA DE EFECTOS INÚTILES;2106022;0;2106022;1719253,32;1718973,32
1;AYUNTAMIENTO DE MADRID;3;TASAS Y OTROS INGRESOS;36001;REVISTAS Y DEMÁS PUBLICACIONES;18640;0;18640;21024,19;21020,34
1;AYUNTAMIENTO DE MADRID;3;TASAS Y OTROS INGRESOS;36004;VENTA DE ELECTRICIDAD;30000;0;30000;18428,67;18428,67
1;AYUNTAMIENTO DE MADRID;3;TASAS Y OTROS INGRESOS;36006;VENTA DE RESIDUOS;0;0;0;14805,9;10593,07
1;AYUNTAMIENTO DE MADRID;3;TASAS Y OTROS INGRESOS;38900;PAGOS DE  EJERCICIOS ANTERIORES;3190057;20015473,51;23205530,51;23963172,32;23638096,52
1;AYUNTAMIENTO DE MADRID;3;TASAS Y OTROS INGRESOS;38902;REINTEGROS DE AYUDAS DE ESTADO ILEGALES;0;0;0;327653,1;327653,1
1;AYUNTAMIENTO DE MADRID;3;TASAS Y OTROS INGRESOS;38903;REINTEGROS PAGO IBI ESTACIONES REGENERADORAS AGUAS;0;0;0;293349,12;0
1;AYUNTAMIENTO DE MADRID;3;TASAS Y OTROS INGRESOS;38904;REINTEGROS TRATAMIENTO DE LODOS;0;0;0;20229620,21;0
1;AYUNTAMIENTO DE MADRID;3;TASAS Y OTROS INGRESOS;38999;OTROS REINTEGROS;110000;0;110000;187335,15;176084,32
1;AYUNTAMIENTO DE MADRID;3;TASAS Y OTROS INGRESOS;39100;INFRACCIONES URBANÍSTICAS;518094;0;518094;1388375,24;321349,84
1;AYUNTAMIENTO DE MADRID;3;TASAS Y OTROS INGRESOS;39110;INFRACCIONES TRIBUTARIAS Y ANÁLOGAS;6101214;0;6101214;10016506,43;3349971,9
1;AYUNTAMIENTO DE MADRID;3;TASAS Y OTROS INGRESOS;39120;INFRACCIONES ORDENANZA DE CIRCULACIÓN;142628530;0;142628530;163904385,4;75405281,86
1;AYUNTAMIENTO DE MADRID;3;TASAS Y OTROS INGRESOS;39130;MULTAS COERCITIVAS;641025;0;641025;1625304,5;331649,69
1;AYUNTAMIENTO DE MADRID;3;TASAS Y OTROS INGRESOS;39190;OTRAS MULTAS Y SANCIONES;2144695;0;2144695;21073398,67;5195606,5
1;AYUNTAMIENTO DE MADRID;3;TASAS Y OTROS INGRESOS;39200;RECARGO POR EXTEMPORANEIDAD;27062;0;27062;55491,53;11678,18
1;AYUNTAMIENTO DE MADRID;3;TASAS Y OTROS INGRESOS;39210;RECARGO EJECUTIVO;5568953;0;5568953;4271982,18;4271982,18
1;AYUNTAMIENTO DE MADRID;3;TASAS Y OTROS INGRESOS;39211;RECARGO DE APREMIO;21584538;0;21584538;21601850,13;21601850,13
1;AYUNTAMIENTO DE MADRID;3;TASAS Y OTROS INGRESOS;39300;INTERESES DE DEMORA;21900067;0;21900067;15269597,88;14576098,88
1;AYUNTAMIENTO DE MADRID;3;TASAS Y OTROS INGRESOS;39301;INTERESES DERIV. DE RECUPERAC. DE AYUDAS ILEGALES;0;0;0;17593,23;17593,23
1;AYUNTAMIENTO DE MADRID;3;TASAS Y OTROS INGRESOS;39610;POLÍGONOS DE COOPERACIÓN;0;183097,5;183097,5;267174,98;242328,74
1;AYUNTAMIENTO DE MADRID;3;TASAS Y OTROS INGRESOS;39611;INGR.  DE PARTICULARES PARA OBRAS DE URBANIZACIÓN;0;1207145,49;1207145,49;1870633,79;1710064,73
1;AYUNTAMIENTO DE MADRID;3;TASAS Y OTROS INGRESOS;39710;OTROS INGRESOS POR APROVECHAMIENTOS URBANISTICOS;5473621;0;5473621;4505901,49;4496414,41
1;AYUNTAMIENTO DE MADRID;3;TASAS Y OTROS INGRESOS;39901;RECURSOS EVENTUALES;56741;0;56741;2250613,59;2004061,46
1;AYUNTAMIENTO DE MADRID;3;TASAS Y OTROS INGRESOS;39902;INGRESOS POR ACCIÓN SUBSIDIARIA;0;57129,26;57129,26;5295064,48;1615112,53
1;AYUNTAMIENTO DE MADRID;3;TASAS Y OTROS INGRESOS;39904;CONSUMOS EDIFICIOS MUNICIPALES;70734;0;70734;212219,76;186738,18
1;AYUNTAMIENTO DE MADRID;3;TASAS Y OTROS INGRESOS;39905;INCAUTACIÓN GARANTÍAS DE CONTRATOS;200000;0;200000;2695166,99;2695166,99
1;AYUNTAMIENTO DE MADRID;3;TASAS Y OTROS INGRESOS;39906;IMPORTE ANUNCIOS A CARGO DE PARTICULARES;0;2352,25;2352,25;72114,9;72114,9
1;AYUNTAMIENTO DE MADRID;3;TASAS Y OTROS INGRESOS;39907;DEPORTES;1115;0;1115;3641,47;3641,47
1;AYUNTAMIENTO DE MADRID;3;TASAS Y OTROS INGRESOS;39908;ACTIVIDADES AL AIRE LIBRE;18300;0;18300;41178,86;41178,86
1;AYUNTAMIENTO DE MADRID;3;TASAS Y OTROS INGRESOS;39909;ESCUELAS INFANTILES;0;0;0;38831,62;38831,62
1;AYUNTAMIENTO DE MADRID;3;TASAS Y OTROS INGRESOS;39910;COSTAS IMPUESTAS POR EL TEAM;0;0;0;1032,06;250,2
1;AYUNTAMIENTO DE MADRID;3;TASAS Y OTROS INGRESOS;39914;CONTROL DE CALIDAD;0;0;0;428961,03;428961,03
1;AYUNTAMIENTO DE MADRID;3;TASAS Y OTROS INGRESOS;39920;SISTEMA DE GESTIÓN DE ENVASES;34711321;0;34711321;31252531,63;31252531,63
1;AYUNTAMIENTO DE MADRID;3;TASAS Y OTROS INGRESOS;39921;SISTEMA GESTIÓN RESIDUOS ELÉCTRICOS Y ELECTRÓNICOS;137502;0;137502;250986,1;223999,13
1;AYUNTAMIENTO DE MADRID;3;TASAS Y OTROS INGRESOS;39922;LIQUIDACIÓN CANON CONTROL DE VERTIDOS;0;0;0;4225967,27;0
1;AYUNTAMIENTO DE MADRID;3;TASAS Y OTROS INGRESOS;39923;INDEMNIZACIONES POR SENTENCIAS JUDICIALES Y SIMILA;0;0;0;66420,08;66420,08
1;AYUNTAMIENTO DE MADRID;3;TASAS Y OTROS INGRESOS;39980;EMBARGOS Y/O COMPENSACIONES RECAUDACIÓN EJECUTIVA;121096;0;121096;72864,67;72864,67
1;AYUNTAMIENTO DE MADRID;3;TASAS Y OTROS INGRESOS;39992;DAÑOS Y PERJUICIOS. OBLIGACIONES CONTRACTUALES;0;0;0;2011439,59;2011439,59
1;AYUNTAMIENTO DE MADRID;3;TASAS Y OTROS INGRESOS;39999;OTROS INGRESOS DIVERSOS;3879881;0;3879881;1743495,81;1727734,98
1;AYUNTAMIENTO DE MADRID;4;TRANSFERENCIAS CORRIENTES;42010;FONDO COMPLEMENTARIO DE FINANCIACIÓN;1455532446;0;1455532446;1420716481;1420716481
1;AYUNTAMIENTO DE MADRID;4;TRANSFERENCIAS CORRIENTES;42020;COMPENSACIÓN POR BENEFICIOS FISCALES;716530;0;716530;1301692,35;1301692,35
1;AYUNTAMIENTO DE MADRID;4;TRANSFERENCIAS CORRIENTES;42030;PACTO DE ESTADO CONTRA LA VIOLENCIA DE GÉNERO;0;1178702,36;1178702,36;1178702,36;1178702,36
1;AYUNTAMIENTO DE MADRID;4;TRANSFERENCIAS CORRIENTES;42090;OTRAS TRANSFERENCIAS DE LA A.GRAL. DEL ESTADO;0;0;0;121181,7;121181,7
1;AYUNTAMIENTO DE MADRID;4;TRANSFERENCIAS CORRIENTES;42102;DEL INSTITUTO NACIONAL DE ESTADÍSTICA (INE);32000;0;32000;33758,36;33758,36
1;AYUNTAMIENTO DE MADRID;4;TRANSFERENCIAS CORRIENTES;42103;DEL INSTITUTO NACIONAL DEL CONSUMO;0;0;0;54703,75;54703,75
1;AYUNTAMIENTO DE MADRID;4;TRANSFERENCIAS CORRIENTES;42300;DE LA S.E. LOTERÍAS Y APUESTAS DEL ESTADO;350000;0;350000;350000;350000
1;AYUNTAMIENTO DE MADRID;4;TRANSFERENCIAS CORRIENTES;45002;C. MADRID - ATENCIÓN DEPENDENCIA Y OTROS PROGRAMAS;72941443;0;72941443;72941443;36458206,63
1;AYUNTAMIENTO DE MADRID;4;TRANSFERENCIAS CORRIENTES;45003;COMUNIDAD DE MADRID - ATENCIÓN PERSONAS SIN HOGAR;250000;0;250000;250000;0
1;AYUNTAMIENTO DE MADRID;4;TRANSFERENCIAS CORRIENTES;45032;COM.  DE MADRID - EDUCACIÓN. ABSENTISMO ESCOLAR;400000;0;400000;0;0
1;AYUNTAMIENTO DE MADRID;4;TRANSFERENCIAS CORRIENTES;45050;COM.  DE MADRID - CENTRO OCUPACIONAL VILLAVERDE;1035740;0;1035740;1027445,16;1015792,68
1;AYUNTAMIENTO DE MADRID;4;TRANSFERENCIAS CORRIENTES;45060;OTROS CONVENIOS DE LA COMUNIDAD DE MADRID;600000;0;600000;961683,92;151683,92
1;AYUNTAMIENTO DE MADRID;4;TRANSFERENCIAS CORRIENTES;45062;C. DE MADRID - ERRADICACIÓN VIOLENCIA DE GÉNERO;428889;0;428889;354978,22;354978,22
1;AYUNTAMIENTO DE MADRID;4;TRANSFERENCIAS CORRIENTES;45080;OTRAS SUBVENCIONES DE LA COMUNIDAD DE MADRID;170000;22489,05;192489,05;-11312,19;-11312,19
1;AYUNTAMIENTO DE MADRID;4;TRANSFERENCIAS CORRIENTES;45180;OTRAS SUBV. DE OO.AA. Y AGENCIAS DE LA C.DE MADRID;210000;0;210000;0;0
1;AYUNTAMIENTO DE MADRID;4;TRANSFERENCIAS CORRIENTES;47001;FORO DE EMPRESAS;875000;0;875000;630000;630000
1;AYUNTAMIENTO DE MADRID;4;TRANSFERENCIAS CORRIENTES;47099;OTRAS TRANSFERENCIAS DE EMPRESAS PRIVADAS;0;0;0;210;210
1;AYUNTAMIENTO DE MADRID;4;TRANSFERENCIAS CORRIENTES;48003;DE LA FUNDACIÓN ESPECIAL CAJAMADRID;15000;0;15000;35000;35000
1;AYUNTAMIENTO DE MADRID;4;TRANSFERENCIAS CORRIENTES;49100;DEL FONDO EUROPEO DE DESARROLLO REGIONAL (FEDER);0;6329,91;6329,91;0;0
1;AYUNTAMIENTO DE MADRID;4;TRANSFERENCIAS CORRIENTES;49799;OTRAS TRANSFERENCIAS DE LA UNIÓN EUROPEA;0;390645,08;390645,08;492448,47;492448,47
1;AYUNTAMIENTO DE MADRID;4;TRANSFERENCIAS CORRIENTES;49899;DE OTROS PROGRAMAS DE LA UNIÓN EUROPEA;0;22663;22663;691292,62;691292,62
1;AYUNTAMIENTO DE MADRID;5;INGRESOS PATRIMONIALES;53400;DE SOCIEDADES Y ENTIDADES DEPENDIENTES DEL AYTO.;42615777;0;42615777;43113696,6;43113696,6
1;AYUNTAMIENTO DE MADRID;5;INGRESOS PATRIMONIALES;53410;SOC. Y ENTID. NO DEPENDIENTES DE LAS ENTID LOCALES;12000000;0;12000000;20477770,03;0
1;AYUNTAMIENTO DE MADRID;5;INGRESOS PATRIMONIALES;54100;ARRENDAMIENTO DE INMUEBLES URBANOS;79782;0;79782;89339,24;88751,78
1;AYUNTAMIENTO DE MADRID;5;INGRESOS PATRIMONIALES;55000;CANON VERTEDERO VALDEMINGÓMEZ;40258;0;40258;-426841,22;-426841,22
1;AYUNTAMIENTO DE MADRID;5;INGRESOS PATRIMONIALES;55001;CANON APARCAMIENTOS;3224660;0;3224660;4812989,32;4625006,72
1;AYUNTAMIENTO DE MADRID;5;INGRESOS PATRIMONIALES;55003;CANON PARQUE DE ATRACCIONES;345582;0;345582;266697,09;266697,09
1;AYUNTAMIENTO DE MADRID;5;INGRESOS PATRIMONIALES;55004;CANON PARQUE ZOOLÓGICO;25000;0;25000;18750;18750
1;AYUNTAMIENTO DE MADRID;5;INGRESOS PATRIMONIALES;55005;CANON CASA CONTRABANDISTAS;903000;0;903000;886649,99;886649,99
1;AYUNTAMIENTO DE MADRID;5;INGRESOS PATRIMONIALES;55007;CANON QUIOSCOS PARQUES Y JARDINES;1819299;0;1819299;2380356,8;1071912,39
1;AYUNTAMIENTO DE MADRID;5;INGRESOS PATRIMONIALES;55008;CANON CASETAS CLAUDIO MOYANO;14921;0;14921;60877,24;24861,45
1;AYUNTAMIENTO DE MADRID;5;INGRESOS PATRIMONIALES;55009;CANON M-30;644164;0;644164;638479,09;638479,09
1;AYUNTAMIENTO DE MADRID;5;INGRESOS PATRIMONIALES;55010;CANON PALACIO DE HIELO;342156;0;342156;354617,08;87863,5
1;AYUNTAMIENTO DE MADRID;5;INGRESOS PATRIMONIALES;55013;CANON RESTAURANTE PLATAFORMA PUENTE DEL REY;95325;0;95325;95325,12;47662,56
1;AYUNTAMIENTO DE MADRID;5;INGRESOS PATRIMONIALES;55014;CANON UTILIZACIÓN DEL SUELO;138957;0;138957;332127,39;179534,29
1;AYUNTAMIENTO DE MADRID;5;INGRESOS PATRIMONIALES;55015;CANON LOCALES COMERCIALES EN APARCAMIENTOS;6500;0;6500;6727,02;6727,02
1;AYUNTAMIENTO DE MADRID;5;INGRESOS PATRIMONIALES;55016;CANON INSTALACIONES DEPORTIVAS DISTRITOS;827839;0;827839;1731934,67;1071373,98
1;AYUNTAMIENTO DE MADRID;5;INGRESOS PATRIMONIALES;55017;CANON OTRAS INSTALACIONES DISTRITOS;86846;0;86846;58416,33;56666,22
1;AYUNTAMIENTO DE MADRID;5;INGRESOS PATRIMONIALES;55018;CANON MERCADOS DISTRITO Y CENTROS COMERCIALES;980000;0;980000;1057698,15;949499,53
1;AYUNTAMIENTO DE MADRID;5;INGRESOS PATRIMONIALES;55020;CANON COLUMNAS INFORMATIVAS;13626400;0;13626400;14765393,61;14765393,61
1;AYUNTAMIENTO DE MADRID;5;INGRESOS PATRIMONIALES;55022;CANON ESTACIÓN TRANSPORTES MERCANCÍAS;371000;0;371000;371097,46;371097,46
1;AYUNTAMIENTO DE MADRID;5;INGRESOS PATRIMONIALES;55027;CANON ESTACIÓN SUR DE AUTOBUSES;164352;0;164352;168735,3;168735,3
1;AYUNTAMIENTO DE MADRID;5;INGRESOS PATRIMONIALES;55028;CANON TRANSPORTE TURÍSTICO EN MADRID;4132305;0;4132305;4136027,56;4136027,56
1;AYUNTAMIENTO DE MADRID;5;INGRESOS PATRIMONIALES;55029;CANON QUIOSCOS DE LOTERÍAS;17016;0;17016;32310,22;20901,76
1;AYUNTAMIENTO DE MADRID;5;INGRESOS PATRIMONIALES;55030;CANON QUIOSCOS DE PRENSA Y TABACOS;441390;0;441390;461778,08;307583,82
1;AYUNTAMIENTO DE MADRID;5;INGRESOS PATRIMONIALES;55031;CANON CAFETERIAS Y QUIOSCOS EN INST. DEPORTIVAS;30102;0;30102;73333,3;55872,92
1;AYUNTAMIENTO DE MADRID;5;INGRESOS PATRIMONIALES;55032;CANON MÁQUINAS VENDING EN INST.MUNICIPALES;117613;0;117613;199231;188231
1;AYUNTAMIENTO DE MADRID;5;INGRESOS PATRIMONIALES;55036;APARCAMIENTO Mº JUSTICIA PZA.VILLA PARIS;501263;0;501263;501263;501263
1;AYUNTAMIENTO DE MADRID;5;INGRESOS PATRIMONIALES;55037;CANON HOTEL CASA DE LA CARNICERÍA;420000;0;420000;58684,68;58684,68
1;AYUNTAMIENTO DE MADRID;5;INGRESOS PATRIMONIALES;55039;CANON GESTIÓN RECOGIDA ROPA USADA;1459375;0;1459375;926836,55;786153,15
1;AYUNTAMIENTO DE MADRID;5;INGRESOS PATRIMONIALES;55040;CANON RECOGIDA Y GESTIÓN DEL ACEITE VEGETAL USADO;50000;0;50000;48697,87;45230,25
1;AYUNTAMIENTO DE MADRID;5;INGRESOS PATRIMONIALES;55042;CANON PALACIO MUNICIPAL DE CONGRESOS;400000;0;400000;400000;400000
1;AYUNTAMIENTO DE MADRID;5;INGRESOS PATRIMONIALES;55099;CANON PERIÓDICO POR OTRAS CONCESIONES;105152;0;105152;83542,11;28969,23
1;AYUNTAMIENTO DE MADRID;5;INGRESOS PATRIMONIALES;55100;CANON MERCADILLOS OCASIONALES Y OTRAS INSTALAC.;6000;0;6000;174224,27;174224,27
1;AYUNTAMIENTO DE MADRID;5;INGRESOS PATRIMONIALES;55102;CANON INICIAL PALACIO MUNICIPAL DE CONGRESOS;1500000;0;1500000;1500000;1500000
1;AYUNTAMIENTO DE MADRID;5;INGRESOS PATRIMONIALES;55199;CANON NO PERIÓDICO POR OTRAS CONCESIONES;10883;0;10883;18462;0
1;AYUNTAMIENTO DE MADRID;5;INGRESOS PATRIMONIALES;55200;DERECHO DE SUPERFICIE CON CONTRAPREST. PERIÓDICA;6182951;0;6182951;6148132,28;5914272,66
1;AYUNTAMIENTO DE MADRID;5;INGRESOS PATRIMONIALES;55300;DERECHO DE SUPERFICIE CON CONTRAP. NO PERIÓDICA;4773730;0;4773730;3514434,27;3514434,27
1;AYUNTAMIENTO DE MADRID;5;INGRESOS PATRIMONIALES;55500;APROVECHAMIENTOS ESPECIALES;70737;0;70737;1192324,26;1117045,56
1;AYUNTAMIENTO DE MADRID;5;INGRESOS PATRIMONIALES;59999;OTROS INGRESOS PATRIMONIALES;715168;0;715168;54572,76;54572,76
1;AYUNTAMIENTO DE MADRID;6;ENAJENACIÓN DE INVERSIONES REALES;60300;VENTA DE PARCELAS;12016057;0;12016057;13169229,27;13169229,27
1;AYUNTAMIENTO DE MADRID;6;ENAJENACIÓN DE INVERSIONES REALES;60900;SUELO CEDIDO EN DERECHO DE SUPERFICIE;0;0;0;166524,76;166524,76
1;AYUNTAMIENTO DE MADRID;6;ENAJENACIÓN DE INVERSIONES REALES;68000;REINTEGROS DE PAGOS DE EJERCICIOS CERRADOS;0;0;0;9911545,68;9911545,68
1;AYUNTAMIENTO DE MADRID;7;TRANSFERENCIAS DE CAPITAL;71000;DE ORGANISMOS AUTÓNOMOS DEL AYUNTAMIENTO DE MADRID;0;600000;600000;600000;100000
1;AYUNTAMIENTO DE MADRID;7;TRANSFERENCIAS DE CAPITAL;75060;TRANSFERENCIAS EN CUMPLIMIENTO DE CONVENIOS;0;300000;300000;1188087,86;584000
1;AYUNTAMIENTO DE MADRID;7;TRANSFERENCIAS DE CAPITAL;79199;OTRAS TRANSFERENCIAS DEL FEDER;0;604941,87;604941,87;0;0
1;AYUNTAMIENTO DE MADRID;7;TRANSFERENCIAS DE CAPITAL;79700;PROGRAMA LIFE-SURE;0;0;0;32799,23;32799,23
1;AYUNTAMIENTO DE MADRID;8;ACTIVOS FINANCIEROS;87000;PARA GASTOS GENERALES;0;1159220055;1159220055;0;0
1;AYUNTAMIENTO DE MADRID;8;ACTIVOS FINANCIEROS;87010;PARA GASTOS CON FINANCIACIÓN AFECTADA;0;20618981,2;20618981,2;0;0
501;INFORMÁTICA DEL AYUNTAMIENTO DE MADRID;3;TASAS Y OTROS INGRESOS;36000;VENTA DE EFECTOS INÚTILES;5000;0;5000;4496,8;4496,8
501;INFORMÁTICA DEL AYUNTAMIENTO DE MADRID;3;TASAS Y OTROS INGRESOS;38900;PAGOS DE  EJERCICIOS ANTERIORES;52000;0;52000;151267,93;151267,93
501;INFORMÁTICA DEL AYUNTAMIENTO DE MADRID;3;TASAS Y OTROS INGRESOS;39906;IMPORTE ANUNCIOS A CARGO DE PARTICULARES;0;0;0;750,78;750,78
501;INFORMÁTICA DEL AYUNTAMIENTO DE MADRID;4;TRANSFERENCIAS CORRIENTES;40000;DE LA ADM. GRAL. DEL AYUNTAMIENTO DE MADRID;83412008;18623,3;83430631,3;78421360,2;68312180,06
501;INFORMÁTICA DEL AYUNTAMIENTO DE MADRID;4;TRANSFERENCIAS CORRIENTES;45303;DE UNIVERSIDADES PÚBLICAS;0;0;0;24794,51;24794,51
501;INFORMÁTICA DEL AYUNTAMIENTO DE MADRID;7;TRANSFERENCIAS DE CAPITAL;70000;DE LA ADMINISTRACIÓN GENERAL AYUNTAMIENTO MADRID;8405324;3966300;12371624;9287038,65;3206286,37
501;INFORMÁTICA DEL AYUNTAMIENTO DE MADRID;8;ACTIVOS FINANCIEROS;87000;PARA GASTOS GENERALES;0;1138245,69;1138245,69;0;0
503;AGENCIA PARA EL EMPLEO DE MADRID;3;TASAS Y OTROS INGRESOS;38900;PAGOS DE  EJERCICIOS ANTERIORES;0;0;0;14447,77;14447,77
503;AGENCIA PARA EL EMPLEO DE MADRID;3;TASAS Y OTROS INGRESOS;39300;INTERESES DE DEMORA;0;0;0;240,65;240,65
503;AGENCIA PARA EL EMPLEO DE MADRID;3;TASAS Y OTROS INGRESOS;39800;INDEMNIZACIONES DE SEGUROS DE NO VIDA;0;0;0;6745,02;6745,02
503;AGENCIA PARA EL EMPLEO DE MADRID;3;TASAS Y OTROS INGRESOS;39999;OTROS INGRESOS DIVERSOS;0;0;0;222,58;222,58
503;AGENCIA PARA EL EMPLEO DE MADRID;4;TRANSFERENCIAS CORRIENTES;40000;DE LA ADM. GRAL. DEL AYUNTAMIENTO DE MADRID;35722879;1552500;37275379;35727913,75;24473066,75
503;AGENCIA PARA EL EMPLEO DE MADRID;4;TRANSFERENCIAS CORRIENTES;45051;C. DE MADRID. FORMACIÓN PROFESIONAL PARA EL EMPLEO;0;0;0;-40438,47;-40438,47
503;AGENCIA PARA EL EMPLEO DE MADRID;4;TRANSFERENCIAS CORRIENTES;45053;C. DE MADRID. PROGRAMAS DE EMPLEO;9287555;7421377,2;16708932,2;17175314,34;14390594,34
503;AGENCIA PARA EL EMPLEO DE MADRID;4;TRANSFERENCIAS CORRIENTES;49899;DE OTROS PROGRAMAS DE LA UNIÓN EUROPEA;61500;53540,49;115040,49;137001,46;137001,46
503;AGENCIA PARA EL EMPLEO DE MADRID;5;INGRESOS PATRIMONIALES;55032;CANON MÁQUINAS VENDING EN INST.MUNICIPALES;4786;0;4786;9572;9572
503;AGENCIA PARA EL EMPLEO DE MADRID;7;TRANSFERENCIAS DE CAPITAL;70000;DE LA ADMINISTRACIÓN GENERAL AYUNTAMIENTO MADRID;376398;0;376398;0;0
503;AGENCIA PARA EL EMPLEO DE MADRID;8;ACTIVOS FINANCIEROS;87010;PARA GASTOS CON FINANCIACIÓN AFECTADA;0;8827247,53;8827247,53;0;0
506;AGENCIA TRIBUTARIA  MADRID;3;TASAS Y OTROS INGRESOS;30903;COPIAS, FOTOCOPIAS Y FOTOGRAFÍAS;2000;0;2000;2770,81;2770,81
506;AGENCIA TRIBUTARIA  MADRID;3;TASAS Y OTROS INGRESOS;38900;PAGOS DE  EJERCICIOS ANTERIORES;0;0;0;46530,13;46530,13
506;AGENCIA TRIBUTARIA  MADRID;3;TASAS Y OTROS INGRESOS;39190;OTRAS MULTAS Y SANCIONES;0;0;0;7155,5;7155,5
506;AGENCIA TRIBUTARIA  MADRID;3;TASAS Y OTROS INGRESOS;39800;INDEMNIZACIONES DE SEGUROS DE NO VIDA;0;0;0;169,4;169,4
506;AGENCIA TRIBUTARIA  MADRID;3;TASAS Y OTROS INGRESOS;39999;OTROS INGRESOS DIVERSOS;0;0;0;397345,55;397345,55
506;AGENCIA TRIBUTARIA  MADRID;4;TRANSFERENCIAS CORRIENTES;40000;DE LA ADM. GRAL. DEL AYUNTAMIENTO DE MADRID;58216739;0;58216739;56498204;52219654,09
506;AGENCIA TRIBUTARIA  MADRID;5;INGRESOS PATRIMONIALES;55032;CANON MÁQUINAS VENDING EN INST.MUNICIPALES;6655;0;6655;5935,66;5935,66
506;AGENCIA TRIBUTARIA  MADRID;7;TRANSFERENCIAS DE CAPITAL;70000;DE LA ADMINISTRACIÓN GENERAL AYUNTAMIENTO MADRID;123800;0;123800;123800;0
508;MADRID SALUD;3;TASAS Y OTROS INGRESOS;38900;PAGOS DE  EJERCICIOS ANTERIORES;0;0;0;14556,6;14556,6
508;MADRID SALUD;3;TASAS Y OTROS INGRESOS;39999;OTROS INGRESOS DIVERSOS;0;0;0;1797,68;1090,51
508;MADRID SALUD;4;TRANSFERENCIAS CORRIENTES;40000;DE LA ADM. GRAL. DEL AYUNTAMIENTO DE MADRID;86188823;322653,31;86511476,31;82222277,17;77381295,75
508;MADRID SALUD;7;TRANSFERENCIAS DE CAPITAL;70000;DE LA ADMINISTRACIÓN GENERAL AYUNTAMIENTO MADRID;387620;1433150;1820770;1764593,16;1433150
508;MADRID SALUD;8;ACTIVOS FINANCIEROS;87010;PARA GASTOS CON FINANCIACIÓN AFECTADA;0;427991,44;427991,44;0;0
509;AGENCIA DE ACTIVIDADES;4;TRANSFERENCIAS CORRIENTES;40000;DE LA ADM. GRAL. DEL AYUNTAMIENTO DE MADRID;13246650;883735;14130385;13876497,5;13026497,5
902;CONSOR. PLAN REHAB.EQUIP.TEATROS MADRID;7;TRANSFERENCIAS DE CAPITAL;70000;DE LA ADMINISTRACIÓN GENERAL AYUNTAMIENTO MADRID;125000;0;125000;125000;125000
902;CONSOR. PLAN REHAB.EQUIP.TEATROS MADRID;7;TRANSFERENCIAS DE CAPITAL;72190;DE OTROS ORGANISMOS AUTÓNOMOS Y AGENCIAS;125000;0;125000;125000;125000
902;CONSOR. PLAN REHAB.EQUIP.TEATROS MADRID;7;TRANSFERENCIAS DE CAPITAL;75099;OTRAS TRANSFERENCIAS DE LA COMUNIDAD DE MADRID;125000;0;125000;125000;0
902;CONSOR. PLAN REHAB.EQUIP.TEATROS MADRID;8;ACTIVOS FINANCIEROS;87010;PARA GASTOS CON FINANCIACIÓN AFECTADA;0;680233,14;680233,14;0;0
