Gastos,Centro,Descripcion Centro,wikicentro,Seccion,Descripcion Seccion,wikipoblacion,wikicoordenadas,wikisuperficie,wikiseccion,Programa,Descripcion Programa,Capitulo,Descripcion Capitulo,Descripcion Economico,C_DISPUESTO,OBL_RECONOC
5851,1,Ayuntamiento de Madrid,https://www.wikidata.org/wiki/Q3773976,211,Carabanchel,243998.0,"40.383669444444,-3.7279888888889",14.048315736132,https://www.wikidata.org/wiki/Q1001991,15322,OTRAS ACTUACIONES EN VIAS PUBLICAS,2,GASTOS EN BIENES CORRIENTES Y SERVICIOS,ARRENDAMIENTOS DE OTRO INMOVILIZADO MATERIAL,13580.42,13580.42
5852,1,Ayuntamiento de Madrid,https://www.wikidata.org/wiki/Q3773976,211,Carabanchel,243998.0,"40.383669444444,-3.7279888888889",14.048315736132,https://www.wikidata.org/wiki/Q1001991,15322,OTRAS ACTUACIONES EN VIAS PUBLICAS,2,GASTOS EN BIENES CORRIENTES Y SERVICIOS,REP.MANT. Y CONSERV. BIENES DESTINADOS USO GENERAL,237911.21,236466.42
5853,1,Ayuntamiento de Madrid,https://www.wikidata.org/wiki/Q3773976,211,Carabanchel,243998.0,"40.383669444444,-3.7279888888889",14.048315736132,https://www.wikidata.org/wiki/Q1001991,15322,OTRAS ACTUACIONES EN VIAS PUBLICAS,2,GASTOS EN BIENES CORRIENTES Y SERVICIOS,REP. MANT. Y CONSERV. DE VIAS PUBL. A CARGO PARTIC,41713.57,0
5854,1,Ayuntamiento de Madrid,https://www.wikidata.org/wiki/Q3773976,211,Carabanchel,243998.0,"40.383669444444,-3.7279888888889",14.048315736132,https://www.wikidata.org/wiki/Q1001991,15322,OTRAS ACTUACIONES EN VIAS PUBLICAS,6,INVERSIONES REALES,OTRAS INVERS. NUEVAS EN INFR.Y BIENES USO GENERAL,17843.77,17843.77
5855,1,Ayuntamiento de Madrid,https://www.wikidata.org/wiki/Q3773976,211,Carabanchel,243998.0,"40.383669444444,-3.7279888888889",14.048315736132,https://www.wikidata.org/wiki/Q1001991,15322,OTRAS ACTUACIONES EN VIAS PUBLICAS,6,INVERSIONES REALES,VIALES (REMODELACION),1282100.35,0
5856,1,Ayuntamiento de Madrid,https://www.wikidata.org/wiki/Q3773976,211,Carabanchel,243998.0,"40.383669444444,-3.7279888888889",14.048315736132,https://www.wikidata.org/wiki/Q1001991,17102,ZONAS VERDES,6,INVERSIONES REALES,ZONAS AJARDINADAS (REM),296819.43,0
5857,1,Ayuntamiento de Madrid,https://www.wikidata.org/wiki/Q3773976,211,Carabanchel,243998.0,"40.383669444444,-3.7279888888889",14.048315736132,https://www.wikidata.org/wiki/Q1001991,23102,FAMILIA E INFANCIA,2,GASTOS EN BIENES CORRIENTES Y SERVICIOS,OTROS TRABAJOS REALIZADOS POR OTRAS EMP. Y PROF.,457023.13,431468.03
5858,1,Ayuntamiento de Madrid,https://www.wikidata.org/wiki/Q3773976,211,Carabanchel,243998.0,"40.383669444444,-3.7279888888889",14.048315736132,https://www.wikidata.org/wiki/Q1001991,23102,FAMILIA E INFANCIA,4,TRANSFERENCIAS CORRIENTES,OTRAS TRANSFERENCIAS A FAMILIAS,435318.51,380801.85
5859,1,Ayuntamiento de Madrid,https://www.wikidata.org/wiki/Q3773976,211,Carabanchel,243998.0,"40.383669444444,-3.7279888888889",14.048315736132,https://www.wikidata.org/wiki/Q1001991,23102,FAMILIA E INFANCIA,4,TRANSFERENCIAS CORRIENTES,OTRAS TRANSFERENCIAS  A INSTITUC. SIN FINES  LUCRO,300000,300000
5860,1,Ayuntamiento de Madrid,https://www.wikidata.org/wiki/Q3773976,211,Carabanchel,243998.0,"40.383669444444,-3.7279888888889",14.048315736132,https://www.wikidata.org/wiki/Q1001991,23102,FAMILIA E INFANCIA,7,TRANSFERENCIAS DE CAPITAL,OTRAS TRANSFERENCIAS DE CAPITAL A FAMILIAS,41360.34,31661.23
5861,1,Ayuntamiento de Madrid,https://www.wikidata.org/wiki/Q3773976,211,Carabanchel,243998.0,"40.383669444444,-3.7279888888889",14.048315736132,https://www.wikidata.org/wiki/Q1001991,23103,PERSONAS MAYORES Y SERVICIOS SOCIALES,1,GASTOS DE PERSONAL,SUELDOS DEL GRUPO A2,0,0
5862,1,Ayuntamiento de Madrid,https://www.wikidata.org/wiki/Q3773976,211,Carabanchel,243998.0,"40.383669444444,-3.7279888888889",14.048315736132,https://www.wikidata.org/wiki/Q1001991,23103,PERSONAS MAYORES Y SERVICIOS SOCIALES,1,GASTOS DE PERSONAL,COMPLEMENTO DE DESTINO,0,0
5863,1,Ayuntamiento de Madrid,https://www.wikidata.org/wiki/Q3773976,211,Carabanchel,243998.0,"40.383669444444,-3.7279888888889",14.048315736132,https://www.wikidata.org/wiki/Q1001991,23103,PERSONAS MAYORES Y SERVICIOS SOCIALES,1,GASTOS DE PERSONAL,COMPLEMENTO ESPECIFICO,0,0
5864,1,Ayuntamiento de Madrid,https://www.wikidata.org/wiki/Q3773976,211,Carabanchel,243998.0,"40.383669444444,-3.7279888888889",14.048315736132,https://www.wikidata.org/wiki/Q1001991,23103,PERSONAS MAYORES Y SERVICIOS SOCIALES,1,GASTOS DE PERSONAL,OTROS COMPLEMENTOS,0,0
5865,1,Ayuntamiento de Madrid,https://www.wikidata.org/wiki/Q3773976,211,Carabanchel,243998.0,"40.383669444444,-3.7279888888889",14.048315736132,https://www.wikidata.org/wiki/Q1001991,23103,PERSONAS MAYORES Y SERVICIOS SOCIALES,1,GASTOS DE PERSONAL,SEGURIDAD SOCIAL,0,0
5866,1,Ayuntamiento de Madrid,https://www.wikidata.org/wiki/Q3773976,211,Carabanchel,243998.0,"40.383669444444,-3.7279888888889",14.048315736132,https://www.wikidata.org/wiki/Q1001991,23103,PERSONAS MAYORES Y SERVICIOS SOCIALES,2,GASTOS EN BIENES CORRIENTES Y SERVICIOS,"REP.MANT.Y CONSERV. MAQUINARIA, INSTAL. Y UTILLAJE",2807.2,2807.2
5867,1,Ayuntamiento de Madrid,https://www.wikidata.org/wiki/Q3773976,211,Carabanchel,243998.0,"40.383669444444,-3.7279888888889",14.048315736132,https://www.wikidata.org/wiki/Q1001991,23103,PERSONAS MAYORES Y SERVICIOS SOCIALES,2,GASTOS EN BIENES CORRIENTES Y SERVICIOS,"PRENSA, REVISTAS, LIBROS Y OTRAS PUBLICACIONES",14756.13,14456
5868,1,Ayuntamiento de Madrid,https://www.wikidata.org/wiki/Q3773976,211,Carabanchel,243998.0,"40.383669444444,-3.7279888888889",14.048315736132,https://www.wikidata.org/wiki/Q1001991,23103,PERSONAS MAYORES Y SERVICIOS SOCIALES,2,GASTOS EN BIENES CORRIENTES Y SERVICIOS,OTROS SUMINISTROS,5594.89,5594.89
5869,1,Ayuntamiento de Madrid,https://www.wikidata.org/wiki/Q3773976,211,Carabanchel,243998.0,"40.383669444444,-3.7279888888889",14.048315736132,https://www.wikidata.org/wiki/Q1001991,23103,PERSONAS MAYORES Y SERVICIOS SOCIALES,2,GASTOS EN BIENES CORRIENTES Y SERVICIOS,TRANSPORTES,62622.5,16276.88
5870,1,Ayuntamiento de Madrid,https://www.wikidata.org/wiki/Q3773976,211,Carabanchel,243998.0,"40.383669444444,-3.7279888888889",14.048315736132,https://www.wikidata.org/wiki/Q1001991,23103,PERSONAS MAYORES Y SERVICIOS SOCIALES,2,GASTOS EN BIENES CORRIENTES Y SERVICIOS,SERVICIO DE AYUDA A DOMICILIO,18741419,1.544157596E7
5871,1,Ayuntamiento de Madrid,https://www.wikidata.org/wiki/Q3773976,211,Carabanchel,243998.0,"40.383669444444,-3.7279888888889",14.048315736132,https://www.wikidata.org/wiki/Q1001991,23103,PERSONAS MAYORES Y SERVICIOS SOCIALES,2,GASTOS EN BIENES CORRIENTES Y SERVICIOS,OTROS TRABAJOS REALIZADOS POR OTRAS EMP. Y PROF.,502516.3,479413.06
5872,1,Ayuntamiento de Madrid,https://www.wikidata.org/wiki/Q3773976,211,Carabanchel,243998.0,"40.383669444444,-3.7279888888889",14.048315736132,https://www.wikidata.org/wiki/Q1001991,23103,PERSONAS MAYORES Y SERVICIOS SOCIALES,4,TRANSFERENCIAS CORRIENTES,OTRAS TRANSFERENCIAS A FAMILIAS,52257.16,36252.29
5873,1,Ayuntamiento de Madrid,https://www.wikidata.org/wiki/Q3773976,211,Carabanchel,243998.0,"40.383669444444,-3.7279888888889",14.048315736132,https://www.wikidata.org/wiki/Q1001991,23103,PERSONAS MAYORES Y SERVICIOS SOCIALES,6,INVERSIONES REALES,MOBILIARIO Y EQUIPOS DE OFICINA,0,0
5874,1,Ayuntamiento de Madrid,https://www.wikidata.org/wiki/Q3773976,211,Carabanchel,243998.0,"40.383669444444,-3.7279888888889",14.048315736132,https://www.wikidata.org/wiki/Q1001991,23103,PERSONAS MAYORES Y SERVICIOS SOCIALES,7,TRANSFERENCIAS DE CAPITAL,OTRAS TRANSFERENCIAS DE CAPITAL A FAMILIAS,57601.25,40385.9
5875,1,Ayuntamiento de Madrid,https://www.wikidata.org/wiki/Q3773976,211,Carabanchel,243998.0,"40.383669444444,-3.7279888888889",14.048315736132,https://www.wikidata.org/wiki/Q1001991,23106,INTEGRACION COMUNITARIA Y EMERGENCIA SOCIAL,1,GASTOS DE PERSONAL,SUELDOS DEL GRUPO A2,650021.39,650021.39
5876,1,Ayuntamiento de Madrid,https://www.wikidata.org/wiki/Q3773976,211,Carabanchel,243998.0,"40.383669444444,-3.7279888888889",14.048315736132,https://www.wikidata.org/wiki/Q1001991,23106,INTEGRACION COMUNITARIA Y EMERGENCIA SOCIAL,1,GASTOS DE PERSONAL,SUELDOS DEL GRUPO C1,10504.08,10504.08
5877,1,Ayuntamiento de Madrid,https://www.wikidata.org/wiki/Q3773976,211,Carabanchel,243998.0,"40.383669444444,-3.7279888888889",14.048315736132,https://www.wikidata.org/wiki/Q1001991,23106,INTEGRACION COMUNITARIA Y EMERGENCIA SOCIAL,1,GASTOS DE PERSONAL,SUELDOS DEL GRUPO C2,121013.58,121013.58
5878,1,Ayuntamiento de Madrid,https://www.wikidata.org/wiki/Q3773976,211,Carabanchel,243998.0,"40.383669444444,-3.7279888888889",14.048315736132,https://www.wikidata.org/wiki/Q1001991,23106,INTEGRACION COMUNITARIA Y EMERGENCIA SOCIAL,1,GASTOS DE PERSONAL,SUELDOS DEL GRUPO E,45412.55,45412.55
5879,1,Ayuntamiento de Madrid,https://www.wikidata.org/wiki/Q3773976,211,Carabanchel,243998.0,"40.383669444444,-3.7279888888889",14.048315736132,https://www.wikidata.org/wiki/Q1001991,23106,INTEGRACION COMUNITARIA Y EMERGENCIA SOCIAL,1,GASTOS DE PERSONAL,TRIENIOS,114857.87,114857.87
5880,1,Ayuntamiento de Madrid,https://www.wikidata.org/wiki/Q3773976,211,Carabanchel,243998.0,"40.383669444444,-3.7279888888889",14.048315736132,https://www.wikidata.org/wiki/Q1001991,23106,INTEGRACION COMUNITARIA Y EMERGENCIA SOCIAL,1,GASTOS DE PERSONAL,COMPLEMENTO DE DESTINO,465440.28,465440.28
5881,1,Ayuntamiento de Madrid,https://www.wikidata.org/wiki/Q3773976,211,Carabanchel,243998.0,"40.383669444444,-3.7279888888889",14.048315736132,https://www.wikidata.org/wiki/Q1001991,23106,INTEGRACION COMUNITARIA Y EMERGENCIA SOCIAL,1,GASTOS DE PERSONAL,COMPLEMENTO ESPECIFICO,977173.02,977173.02
5882,1,Ayuntamiento de Madrid,https://www.wikidata.org/wiki/Q3773976,211,Carabanchel,243998.0,"40.383669444444,-3.7279888888889",14.048315736132,https://www.wikidata.org/wiki/Q1001991,23106,INTEGRACION COMUNITARIA Y EMERGENCIA SOCIAL,1,GASTOS DE PERSONAL,OTROS COMPLEMENTOS,56294.53,56294.53
5883,1,Ayuntamiento de Madrid,https://www.wikidata.org/wiki/Q3773976,211,Carabanchel,243998.0,"40.383669444444,-3.7279888888889",14.048315736132,https://www.wikidata.org/wiki/Q1001991,23106,INTEGRACION COMUNITARIA Y EMERGENCIA SOCIAL,1,GASTOS DE PERSONAL,PRODUCTIVIDAD,30503.79,30503.79
5884,1,Ayuntamiento de Madrid,https://www.wikidata.org/wiki/Q3773976,211,Carabanchel,243998.0,"40.383669444444,-3.7279888888889",14.048315736132,https://www.wikidata.org/wiki/Q1001991,23106,INTEGRACION COMUNITARIA Y EMERGENCIA SOCIAL,1,GASTOS DE PERSONAL,SEGURIDAD SOCIAL,731538.95,731538.95
5885,1,Ayuntamiento de Madrid,https://www.wikidata.org/wiki/Q3773976,211,Carabanchel,243998.0,"40.383669444444,-3.7279888888889",14.048315736132,https://www.wikidata.org/wiki/Q1001991,23106,INTEGRACION COMUNITARIA Y EMERGENCIA SOCIAL,1,GASTOS DE PERSONAL,OTRAS CUOTAS,50354.81,50354.81
5886,1,Ayuntamiento de Madrid,https://www.wikidata.org/wiki/Q3773976,211,Carabanchel,243998.0,"40.383669444444,-3.7279888888889",14.048315736132,https://www.wikidata.org/wiki/Q1001991,23106,INTEGRACION COMUNITARIA Y EMERGENCIA SOCIAL,2,GASTOS EN BIENES CORRIENTES Y SERVICIOS,OTROS TRABAJOS REALIZADOS POR OTRAS EMP. Y PROF.,86900,86900
5887,1,Ayuntamiento de Madrid,https://www.wikidata.org/wiki/Q3773976,211,Carabanchel,243998.0,"40.383669444444,-3.7279888888889",14.048315736132,https://www.wikidata.org/wiki/Q1001991,23106,INTEGRACION COMUNITARIA Y EMERGENCIA SOCIAL,4,TRANSFERENCIAS CORRIENTES,A LA EMPRESA MUNICIPAL DE LA VIVIENDA Y SUELO SA,0,0
5888,1,Ayuntamiento de Madrid,https://www.wikidata.org/wiki/Q3773976,211,Carabanchel,243998.0,"40.383669444444,-3.7279888888889",14.048315736132,https://www.wikidata.org/wiki/Q1001991,23106,INTEGRACION COMUNITARIA Y EMERGENCIA SOCIAL,4,TRANSFERENCIAS CORRIENTES,A OTRAS FUNDACIONES,36612.85,36612.85
5889,1,Ayuntamiento de Madrid,https://www.wikidata.org/wiki/Q3773976,211,Carabanchel,243998.0,"40.383669444444,-3.7279888888889",14.048315736132,https://www.wikidata.org/wiki/Q1001991,23106,INTEGRACION COMUNITARIA Y EMERGENCIA SOCIAL,4,TRANSFERENCIAS CORRIENTES,OTRAS TRANSFERENCIAS A FAMILIAS,16205.61,15305.61
5890,1,Ayuntamiento de Madrid,https://www.wikidata.org/wiki/Q3773976,211,Carabanchel,243998.0,"40.383669444444,-3.7279888888889",14.048315736132,https://www.wikidata.org/wiki/Q1001991,23106,INTEGRACION COMUNITARIA Y EMERGENCIA SOCIAL,4,TRANSFERENCIAS CORRIENTES,OTRAS TRANSFERENCIAS  A INSTITUC. SIN FINES  LUCRO,354172,354172
5891,1,Ayuntamiento de Madrid,https://www.wikidata.org/wiki/Q3773976,211,Carabanchel,243998.0,"40.383669444444,-3.7279888888889",14.048315736132,https://www.wikidata.org/wiki/Q1001991,23106,INTEGRACION COMUNITARIA Y EMERGENCIA SOCIAL,6,INVERSIONES REALES,INSTALACIONES TECNICAS,0,0
5892,1,Ayuntamiento de Madrid,https://www.wikidata.org/wiki/Q3773976,211,Carabanchel,243998.0,"40.383669444444,-3.7279888888889",14.048315736132,https://www.wikidata.org/wiki/Q1001991,23106,INTEGRACION COMUNITARIA Y EMERGENCIA SOCIAL,7,TRANSFERENCIAS DE CAPITAL,A OTRAS FUNDACIONES,0,0
5893,1,Ayuntamiento de Madrid,https://www.wikidata.org/wiki/Q3773976,211,Carabanchel,243998.0,"40.383669444444,-3.7279888888889",14.048315736132,https://www.wikidata.org/wiki/Q1001991,23106,INTEGRACION COMUNITARIA Y EMERGENCIA SOCIAL,7,TRANSFERENCIAS DE CAPITAL,OTRAS TRANSFERENCIAS DE CAPITAL A FAMILIAS,68506.41,61190.82
5894,1,Ayuntamiento de Madrid,https://www.wikidata.org/wiki/Q3773976,211,Carabanchel,243998.0,"40.383669444444,-3.7279888888889",14.048315736132,https://www.wikidata.org/wiki/Q1001991,23106,INTEGRACION COMUNITARIA Y EMERGENCIA SOCIAL,7,TRANSFERENCIAS DE CAPITAL,OTRAS TRANSF. DE CAPITAL A INST. SIN FINES LUCRO,10700,10700
5895,1,Ayuntamiento de Madrid,https://www.wikidata.org/wiki/Q3773976,211,Carabanchel,243998.0,"40.383669444444,-3.7279888888889",14.048315736132,https://www.wikidata.org/wiki/Q1001991,31101,SALUBRIDAD PUBLICA,1,GASTOS DE PERSONAL,SUELDOS DEL GRUPO A1,59156.35,59156.35
5896,1,Ayuntamiento de Madrid,https://www.wikidata.org/wiki/Q3773976,211,Carabanchel,243998.0,"40.383669444444,-3.7279888888889",14.048315736132,https://www.wikidata.org/wiki/Q1001991,31101,SALUBRIDAD PUBLICA,1,GASTOS DE PERSONAL,SUELDOS DEL GRUPO A2,27429.64,27429.64
5897,1,Ayuntamiento de Madrid,https://www.wikidata.org/wiki/Q3773976,211,Carabanchel,243998.0,"40.383669444444,-3.7279888888889",14.048315736132,https://www.wikidata.org/wiki/Q1001991,31101,SALUBRIDAD PUBLICA,1,GASTOS DE PERSONAL,SUELDOS DEL GRUPO C1,20186.77,20186.77
5898,1,Ayuntamiento de Madrid,https://www.wikidata.org/wiki/Q3773976,211,Carabanchel,243998.0,"40.383669444444,-3.7279888888889",14.048315736132,https://www.wikidata.org/wiki/Q1001991,31101,SALUBRIDAD PUBLICA,1,GASTOS DE PERSONAL,SUELDOS DEL GRUPO C2,26710.35,26710.35
5899,1,Ayuntamiento de Madrid,https://www.wikidata.org/wiki/Q3773976,211,Carabanchel,243998.0,"40.383669444444,-3.7279888888889",14.048315736132,https://www.wikidata.org/wiki/Q1001991,31101,SALUBRIDAD PUBLICA,1,GASTOS DE PERSONAL,TRIENIOS,28725.06,28725.06
5900,1,Ayuntamiento de Madrid,https://www.wikidata.org/wiki/Q3773976,211,Carabanchel,243998.0,"40.383669444444,-3.7279888888889",14.048315736132,https://www.wikidata.org/wiki/Q1001991,31101,SALUBRIDAD PUBLICA,1,GASTOS DE PERSONAL,COMPLEMENTO DE DESTINO,78133.33,78133.33
5901,1,Ayuntamiento de Madrid,https://www.wikidata.org/wiki/Q3773976,211,Carabanchel,243998.0,"40.383669444444,-3.7279888888889",14.048315736132,https://www.wikidata.org/wiki/Q1001991,31101,SALUBRIDAD PUBLICA,1,GASTOS DE PERSONAL,COMPLEMENTO ESPECIFICO,178563.45,178563.45
5902,1,Ayuntamiento de Madrid,https://www.wikidata.org/wiki/Q3773976,211,Carabanchel,243998.0,"40.383669444444,-3.7279888888889",14.048315736132,https://www.wikidata.org/wiki/Q1001991,31101,SALUBRIDAD PUBLICA,1,GASTOS DE PERSONAL,OTROS COMPLEMENTOS,9524.3,9524.3
5903,1,Ayuntamiento de Madrid,https://www.wikidata.org/wiki/Q3773976,211,Carabanchel,243998.0,"40.383669444444,-3.7279888888889",14.048315736132,https://www.wikidata.org/wiki/Q1001991,31101,SALUBRIDAD PUBLICA,1,GASTOS DE PERSONAL,PRODUCTIVIDAD,13479.68,13479.68
5904,1,Ayuntamiento de Madrid,https://www.wikidata.org/wiki/Q3773976,211,Carabanchel,243998.0,"40.383669444444,-3.7279888888889",14.048315736132,https://www.wikidata.org/wiki/Q1001991,31101,SALUBRIDAD PUBLICA,1,GASTOS DE PERSONAL,SEGURIDAD SOCIAL,113909.73,113909.73
5905,1,Ayuntamiento de Madrid,https://www.wikidata.org/wiki/Q3773976,211,Carabanchel,243998.0,"40.383669444444,-3.7279888888889",14.048315736132,https://www.wikidata.org/wiki/Q1001991,31101,SALUBRIDAD PUBLICA,1,GASTOS DE PERSONAL,OTRAS CUOTAS,2388.55,2388.55
5906,1,Ayuntamiento de Madrid,https://www.wikidata.org/wiki/Q3773976,211,Carabanchel,243998.0,"40.383669444444,-3.7279888888889",14.048315736132,https://www.wikidata.org/wiki/Q1001991,31101,SALUBRIDAD PUBLICA,2,GASTOS EN BIENES CORRIENTES Y SERVICIOS,OTROS SUMINISTROS,1039.56,1039.56
5907,1,Ayuntamiento de Madrid,https://www.wikidata.org/wiki/Q3773976,211,Carabanchel,243998.0,"40.383669444444,-3.7279888888889",14.048315736132,https://www.wikidata.org/wiki/Q1001991,31101,SALUBRIDAD PUBLICA,2,GASTOS EN BIENES CORRIENTES Y SERVICIOS,OTROS GASTOS DIVERSOS,401.72,401.72
5908,1,Ayuntamiento de Madrid,https://www.wikidata.org/wiki/Q3773976,211,Carabanchel,243998.0,"40.383669444444,-3.7279888888889",14.048315736132,https://www.wikidata.org/wiki/Q1001991,31101,SALUBRIDAD PUBLICA,2,GASTOS EN BIENES CORRIENTES Y SERVICIOS,LOCOMOCION URBANA PERSONAL NO DIRECTIVO,797.05,797.05
5909,1,Ayuntamiento de Madrid,https://www.wikidata.org/wiki/Q3773976,211,Carabanchel,243998.0,"40.383669444444,-3.7279888888889",14.048315736132,https://www.wikidata.org/wiki/Q1001991,32301,CENTROS DOCENTES ENSEÑANZA INFANTIL Y PRIMARIA,2,GASTOS EN BIENES CORRIENTES Y SERVICIOS,REP.MANT. Y CONSERV. EDIFICIOS Y OTRAS CONSTRUC.,587926.25,587291.71
5910,1,Ayuntamiento de Madrid,https://www.wikidata.org/wiki/Q3773976,211,Carabanchel,243998.0,"40.383669444444,-3.7279888888889",14.048315736132,https://www.wikidata.org/wiki/Q1001991,32301,CENTROS DOCENTES ENSEÑANZA INFANTIL Y PRIMARIA,2,GASTOS EN BIENES CORRIENTES Y SERVICIOS,LIMPIEZA Y ASEO,1930215.91,1930215.9
5911,1,Ayuntamiento de Madrid,https://www.wikidata.org/wiki/Q3773976,211,Carabanchel,243998.0,"40.383669444444,-3.7279888888889",14.048315736132,https://www.wikidata.org/wiki/Q1001991,32301,CENTROS DOCENTES ENSEÑANZA INFANTIL Y PRIMARIA,2,GASTOS EN BIENES CORRIENTES Y SERVICIOS,OTROS TRABAJOS REALIZADOS POR OTRAS EMP. Y PROF.,1159869.4,1153509.84
5912,1,Ayuntamiento de Madrid,https://www.wikidata.org/wiki/Q3773976,211,Carabanchel,243998.0,"40.383669444444,-3.7279888888889",14.048315736132,https://www.wikidata.org/wiki/Q1001991,32301,CENTROS DOCENTES ENSEÑANZA INFANTIL Y PRIMARIA,6,INVERSIONES REALES,EDIFICIOS Y OTRAS CONSTRUCCIONES (REFORMA),794992.18,794991.47
5913,1,Ayuntamiento de Madrid,https://www.wikidata.org/wiki/Q3773976,211,Carabanchel,243998.0,"40.383669444444,-3.7279888888889",14.048315736132,https://www.wikidata.org/wiki/Q1001991,32501,ABSENTISMO,2,GASTOS EN BIENES CORRIENTES Y SERVICIOS,OTROS TRABAJOS REALIZADOS POR OTRAS EMP. Y PROF.,7878.96,7878.96
5914,1,Ayuntamiento de Madrid,https://www.wikidata.org/wiki/Q3773976,211,Carabanchel,243998.0,"40.383669444444,-3.7279888888889",14.048315736132,https://www.wikidata.org/wiki/Q1001991,32601,SERVICIOS COMPLEMENTARIOS EDUCACION,2,GASTOS EN BIENES CORRIENTES Y SERVICIOS,TRANSPORTES,66310,57222.42
5915,1,Ayuntamiento de Madrid,https://www.wikidata.org/wiki/Q3773976,211,Carabanchel,243998.0,"40.383669444444,-3.7279888888889",14.048315736132,https://www.wikidata.org/wiki/Q1001991,32601,SERVICIOS COMPLEMENTARIOS EDUCACION,2,GASTOS EN BIENES CORRIENTES Y SERVICIOS,OTROS TRABAJOS REALIZADOS POR OTRAS EMP. Y PROF.,529487.84,529453.61
5916,1,Ayuntamiento de Madrid,https://www.wikidata.org/wiki/Q3773976,211,Carabanchel,243998.0,"40.383669444444,-3.7279888888889",14.048315736132,https://www.wikidata.org/wiki/Q1001991,33303,OTROS EQUIPAMIENTOS CULTURALES,6,INVERSIONES REALES,OTRAS INVERS. NUEVAS EN INFR.Y BIENES USO GENERAL,2541,2541
5917,1,Ayuntamiento de Madrid,https://www.wikidata.org/wiki/Q3773976,211,Carabanchel,243998.0,"40.383669444444,-3.7279888888889",14.048315736132,https://www.wikidata.org/wiki/Q1001991,33401,ACTIVIDADES CULTURALES,1,GASTOS DE PERSONAL,SUELDOS DEL GRUPO A1,0,0
5918,1,Ayuntamiento de Madrid,https://www.wikidata.org/wiki/Q3773976,211,Carabanchel,243998.0,"40.383669444444,-3.7279888888889",14.048315736132,https://www.wikidata.org/wiki/Q1001991,33401,ACTIVIDADES CULTURALES,1,GASTOS DE PERSONAL,SUELDOS DEL GRUPO A2,13714.82,13714.82
5919,1,Ayuntamiento de Madrid,https://www.wikidata.org/wiki/Q3773976,211,Carabanchel,243998.0,"40.383669444444,-3.7279888888889",14.048315736132,https://www.wikidata.org/wiki/Q1001991,33401,ACTIVIDADES CULTURALES,1,GASTOS DE PERSONAL,SUELDOS DEL GRUPO C1,29192.06,29192.06
5920,1,Ayuntamiento de Madrid,https://www.wikidata.org/wiki/Q3773976,211,Carabanchel,243998.0,"40.383669444444,-3.7279888888889",14.048315736132,https://www.wikidata.org/wiki/Q1001991,33401,ACTIVIDADES CULTURALES,1,GASTOS DE PERSONAL,SUELDOS DEL GRUPO C2,56816.02,56816.02
5921,1,Ayuntamiento de Madrid,https://www.wikidata.org/wiki/Q3773976,211,Carabanchel,243998.0,"40.383669444444,-3.7279888888889",14.048315736132,https://www.wikidata.org/wiki/Q1001991,33401,ACTIVIDADES CULTURALES,1,GASTOS DE PERSONAL,TRIENIOS,22170.08,22170.08
5922,1,Ayuntamiento de Madrid,https://www.wikidata.org/wiki/Q3773976,211,Carabanchel,243998.0,"40.383669444444,-3.7279888888889",14.048315736132,https://www.wikidata.org/wiki/Q1001991,33401,ACTIVIDADES CULTURALES,1,GASTOS DE PERSONAL,COMPLEMENTO DE DESTINO,60656.9,60656.9
5923,1,Ayuntamiento de Madrid,https://www.wikidata.org/wiki/Q3773976,211,Carabanchel,243998.0,"40.383669444444,-3.7279888888889",14.048315736132,https://www.wikidata.org/wiki/Q1001991,33401,ACTIVIDADES CULTURALES,1,GASTOS DE PERSONAL,COMPLEMENTO ESPECIFICO,147942.72,147942.72
5924,1,Ayuntamiento de Madrid,https://www.wikidata.org/wiki/Q3773976,211,Carabanchel,243998.0,"40.383669444444,-3.7279888888889",14.048315736132,https://www.wikidata.org/wiki/Q1001991,33401,ACTIVIDADES CULTURALES,1,GASTOS DE PERSONAL,OTROS COMPLEMENTOS,9885.1,9885.1
5925,1,Ayuntamiento de Madrid,https://www.wikidata.org/wiki/Q3773976,211,Carabanchel,243998.0,"40.383669444444,-3.7279888888889",14.048315736132,https://www.wikidata.org/wiki/Q1001991,33401,ACTIVIDADES CULTURALES,1,GASTOS DE PERSONAL,GRATIFICACIONES POR SERVICIOS EXTRAORDINARIOS,396.74,396.74
5926,1,Ayuntamiento de Madrid,https://www.wikidata.org/wiki/Q3773976,211,Carabanchel,243998.0,"40.383669444444,-3.7279888888889",14.048315736132,https://www.wikidata.org/wiki/Q1001991,33401,ACTIVIDADES CULTURALES,1,GASTOS DE PERSONAL,SEGURIDAD SOCIAL,95899.19,95899.19
5927,1,Ayuntamiento de Madrid,https://www.wikidata.org/wiki/Q3773976,211,Carabanchel,243998.0,"40.383669444444,-3.7279888888889",14.048315736132,https://www.wikidata.org/wiki/Q1001991,33401,ACTIVIDADES CULTURALES,1,GASTOS DE PERSONAL,OTRAS CUOTAS,10361.18,10361.18
5928,1,Ayuntamiento de Madrid,https://www.wikidata.org/wiki/Q3773976,211,Carabanchel,243998.0,"40.383669444444,-3.7279888888889",14.048315736132,https://www.wikidata.org/wiki/Q1001991,33401,ACTIVIDADES CULTURALES,2,GASTOS EN BIENES CORRIENTES Y SERVICIOS,TALLERES CULTURALES DISTRITOS,661613.48,635818.72
5929,1,Ayuntamiento de Madrid,https://www.wikidata.org/wiki/Q3773976,211,Carabanchel,243998.0,"40.383669444444,-3.7279888888889",14.048315736132,https://www.wikidata.org/wiki/Q1001991,33401,ACTIVIDADES CULTURALES,2,GASTOS EN BIENES CORRIENTES Y SERVICIOS,OTROS TRABAJOS REALIZADOS POR OTRAS EMP. Y PROF.,552755.93,546549.48
5930,1,Ayuntamiento de Madrid,https://www.wikidata.org/wiki/Q3773976,211,Carabanchel,243998.0,"40.383669444444,-3.7279888888889",14.048315736132,https://www.wikidata.org/wiki/Q1001991,33401,ACTIVIDADES CULTURALES,4,TRANSFERENCIAS CORRIENTES,PREMIOS,17500,17500
5931,1,Ayuntamiento de Madrid,https://www.wikidata.org/wiki/Q3773976,211,Carabanchel,243998.0,"40.383669444444,-3.7279888888889",14.048315736132,https://www.wikidata.org/wiki/Q1001991,33401,ACTIVIDADES CULTURALES,6,INVERSIONES REALES,OTRAS INVERS. NUEVAS EN INFR.Y BIENES USO GENERAL,3791.14,3169.33
5932,1,Ayuntamiento de Madrid,https://www.wikidata.org/wiki/Q3773976,211,Carabanchel,243998.0,"40.383669444444,-3.7279888888889",14.048315736132,https://www.wikidata.org/wiki/Q1001991,34101,ACTUACIONES DEPORTIVAS EN DISTRITOS,2,GASTOS EN BIENES CORRIENTES Y SERVICIOS,OTROS SUMINISTROS,4898.56,4898.56
5933,1,Ayuntamiento de Madrid,https://www.wikidata.org/wiki/Q3773976,211,Carabanchel,243998.0,"40.383669444444,-3.7279888888889",14.048315736132,https://www.wikidata.org/wiki/Q1001991,34101,ACTUACIONES DEPORTIVAS EN DISTRITOS,2,GASTOS EN BIENES CORRIENTES Y SERVICIOS,OTROS TRABAJOS REALIZADOS POR OTRAS EMP. Y PROF.,45424.17,45424.08
5934,1,Ayuntamiento de Madrid,https://www.wikidata.org/wiki/Q3773976,211,Carabanchel,243998.0,"40.383669444444,-3.7279888888889",14.048315736132,https://www.wikidata.org/wiki/Q1001991,34201,INSTALACIONES DEPORTIVAS,1,GASTOS DE PERSONAL,RETRIBUCIONES BASICAS,685641.39,685641.39
5935,1,Ayuntamiento de Madrid,https://www.wikidata.org/wiki/Q3773976,211,Carabanchel,243998.0,"40.383669444444,-3.7279888888889",14.048315736132,https://www.wikidata.org/wiki/Q1001991,34201,INSTALACIONES DEPORTIVAS,1,GASTOS DE PERSONAL,OTRAS REMUNERACIONES,34326.13,34326.13
5936,1,Ayuntamiento de Madrid,https://www.wikidata.org/wiki/Q3773976,211,Carabanchel,243998.0,"40.383669444444,-3.7279888888889",14.048315736132,https://www.wikidata.org/wiki/Q1001991,34201,INSTALACIONES DEPORTIVAS,1,GASTOS DE PERSONAL,RETRIBUCIONES BASICAS,814864.04,814864.04
5937,1,Ayuntamiento de Madrid,https://www.wikidata.org/wiki/Q3773976,211,Carabanchel,243998.0,"40.383669444444,-3.7279888888889",14.048315736132,https://www.wikidata.org/wiki/Q1001991,34201,INSTALACIONES DEPORTIVAS,1,GASTOS DE PERSONAL,OTRAS REMUNERACIONES,65104.15,65104.15
5938,1,Ayuntamiento de Madrid,https://www.wikidata.org/wiki/Q3773976,211,Carabanchel,243998.0,"40.383669444444,-3.7279888888889",14.048315736132,https://www.wikidata.org/wiki/Q1001991,34201,INSTALACIONES DEPORTIVAS,1,GASTOS DE PERSONAL,PRODUCTIVIDAD,3340.79,3340.79
5939,1,Ayuntamiento de Madrid,https://www.wikidata.org/wiki/Q3773976,211,Carabanchel,243998.0,"40.383669444444,-3.7279888888889",14.048315736132,https://www.wikidata.org/wiki/Q1001991,34201,INSTALACIONES DEPORTIVAS,1,GASTOS DE PERSONAL,SEGURIDAD SOCIAL,597491.02,597491.02
5940,1,Ayuntamiento de Madrid,https://www.wikidata.org/wiki/Q3773976,211,Carabanchel,243998.0,"40.383669444444,-3.7279888888889",14.048315736132,https://www.wikidata.org/wiki/Q1001991,34201,INSTALACIONES DEPORTIVAS,1,GASTOS DE PERSONAL,OTRAS CUOTAS,112314.44,112314.44
5941,1,Ayuntamiento de Madrid,https://www.wikidata.org/wiki/Q3773976,211,Carabanchel,243998.0,"40.383669444444,-3.7279888888889",14.048315736132,https://www.wikidata.org/wiki/Q1001991,34201,INSTALACIONES DEPORTIVAS,2,GASTOS EN BIENES CORRIENTES Y SERVICIOS,"ARRENDAMIENTOS DE MAQUINARIA, INSTALAC. Y UTILLAJE",1247.4,505
5942,1,Ayuntamiento de Madrid,https://www.wikidata.org/wiki/Q3773976,211,Carabanchel,243998.0,"40.383669444444,-3.7279888888889",14.048315736132,https://www.wikidata.org/wiki/Q1001991,34201,INSTALACIONES DEPORTIVAS,2,GASTOS EN BIENES CORRIENTES Y SERVICIOS,REP.MANT. Y CONSERV. EDIFICIOS Y OTRAS CONSTRUC.,720080.3,665759.11
5943,1,Ayuntamiento de Madrid,https://www.wikidata.org/wiki/Q3773976,211,Carabanchel,243998.0,"40.383669444444,-3.7279888888889",14.048315736132,https://www.wikidata.org/wiki/Q1001991,34201,INSTALACIONES DEPORTIVAS,2,GASTOS EN BIENES CORRIENTES Y SERVICIOS,"REP.MANT.Y CONSERV. MAQUINARIA, INSTAL. Y UTILLAJE",16763.44,16055.59
5944,1,Ayuntamiento de Madrid,https://www.wikidata.org/wiki/Q3773976,211,Carabanchel,243998.0,"40.383669444444,-3.7279888888889",14.048315736132,https://www.wikidata.org/wiki/Q1001991,34201,INSTALACIONES DEPORTIVAS,2,GASTOS EN BIENES CORRIENTES Y SERVICIOS,COMBUSTIBLES Y CARBURANTES,20,20
5945,1,Ayuntamiento de Madrid,https://www.wikidata.org/wiki/Q3773976,211,Carabanchel,243998.0,"40.383669444444,-3.7279888888889",14.048315736132,https://www.wikidata.org/wiki/Q1001991,34201,INSTALACIONES DEPORTIVAS,2,GASTOS EN BIENES CORRIENTES Y SERVICIOS,VESTUARIO,17365.92,17365.92
5946,1,Ayuntamiento de Madrid,https://www.wikidata.org/wiki/Q3773976,211,Carabanchel,243998.0,"40.383669444444,-3.7279888888889",14.048315736132,https://www.wikidata.org/wiki/Q1001991,34201,INSTALACIONES DEPORTIVAS,2,GASTOS EN BIENES CORRIENTES Y SERVICIOS,PRODUCTOS FARMACEUTICOS Y MATERIAL SANITARIO,3983.78,3983.78
5947,1,Ayuntamiento de Madrid,https://www.wikidata.org/wiki/Q3773976,211,Carabanchel,243998.0,"40.383669444444,-3.7279888888889",14.048315736132,https://www.wikidata.org/wiki/Q1001991,34201,INSTALACIONES DEPORTIVAS,2,GASTOS EN BIENES CORRIENTES Y SERVICIOS,PRODUCTOS DE LIMPIEZA Y ASEO,15707.83,15707.83
5948,1,Ayuntamiento de Madrid,https://www.wikidata.org/wiki/Q3773976,211,Carabanchel,243998.0,"40.383669444444,-3.7279888888889",14.048315736132,https://www.wikidata.org/wiki/Q1001991,34201,INSTALACIONES DEPORTIVAS,2,GASTOS EN BIENES CORRIENTES Y SERVICIOS,OTROS SUMINISTROS,42211.36,41938.8
5949,1,Ayuntamiento de Madrid,https://www.wikidata.org/wiki/Q3773976,211,Carabanchel,243998.0,"40.383669444444,-3.7279888888889",14.048315736132,https://www.wikidata.org/wiki/Q1001991,34201,INSTALACIONES DEPORTIVAS,2,GASTOS EN BIENES CORRIENTES Y SERVICIOS,LIMPIEZA Y ASEO,958144.29,870588.15
5950,1,Ayuntamiento de Madrid,https://www.wikidata.org/wiki/Q3773976,211,Carabanchel,243998.0,"40.383669444444,-3.7279888888889",14.048315736132,https://www.wikidata.org/wiki/Q1001991,34201,INSTALACIONES DEPORTIVAS,2,GASTOS EN BIENES CORRIENTES Y SERVICIOS,SEGURIDAD,64911.96,60713.61
5951,1,Ayuntamiento de Madrid,https://www.wikidata.org/wiki/Q3773976,211,Carabanchel,243998.0,"40.383669444444,-3.7279888888889",14.048315736132,https://www.wikidata.org/wiki/Q1001991,34201,INSTALACIONES DEPORTIVAS,2,GASTOS EN BIENES CORRIENTES Y SERVICIOS,OTROS TRABAJOS REALIZADOS POR OTRAS EMP. Y PROF.,1734907.84,1734907.79
5952,1,Ayuntamiento de Madrid,https://www.wikidata.org/wiki/Q3773976,211,Carabanchel,243998.0,"40.383669444444,-3.7279888888889",14.048315736132,https://www.wikidata.org/wiki/Q1001991,34201,INSTALACIONES DEPORTIVAS,4,TRANSFERENCIAS CORRIENTES,OTRAS SUBVENCIONES A EMPRESAS PRIVADAS,34684.99,34684.99
5953,1,Ayuntamiento de Madrid,https://www.wikidata.org/wiki/Q3773976,211,Carabanchel,243998.0,"40.383669444444,-3.7279888888889",14.048315736132,https://www.wikidata.org/wiki/Q1001991,34201,INSTALACIONES DEPORTIVAS,6,INVERSIONES REALES,EDIFICIOS Y OTRAS CONSTRUCCIONES (REFORMA),7220.24,7220.24
5954,1,Ayuntamiento de Madrid,https://www.wikidata.org/wiki/Q3773976,211,Carabanchel,243998.0,"40.383669444444,-3.7279888888889",14.048315736132,https://www.wikidata.org/wiki/Q1001991,34201,INSTALACIONES DEPORTIVAS,6,INVERSIONES REALES,MAQUINARIA (REFORMA Y REPOSICION),12051.6,12051.6
5955,1,Ayuntamiento de Madrid,https://www.wikidata.org/wiki/Q3773976,211,Carabanchel,243998.0,"40.383669444444,-3.7279888888889",14.048315736132,https://www.wikidata.org/wiki/Q1001991,34201,INSTALACIONES DEPORTIVAS,6,INVERSIONES REALES,OTRAS INVERS. DE REPOS. ASOC. AL FUNC. OPER. SERV.,18141.51,18141.51
5956,1,Ayuntamiento de Madrid,https://www.wikidata.org/wiki/Q3773976,211,Carabanchel,243998.0,"40.383669444444,-3.7279888888889",14.048315736132,https://www.wikidata.org/wiki/Q1001991,49300,CONSUMO,1,GASTOS DE PERSONAL,SUELDOS DEL GRUPO A2,39947.69,39947.69
5957,1,Ayuntamiento de Madrid,https://www.wikidata.org/wiki/Q3773976,211,Carabanchel,243998.0,"40.383669444444,-3.7279888888889",14.048315736132,https://www.wikidata.org/wiki/Q1001991,49300,CONSUMO,1,GASTOS DE PERSONAL,SUELDOS DEL GRUPO C1,8922.54,8922.54
5958,1,Ayuntamiento de Madrid,https://www.wikidata.org/wiki/Q3773976,211,Carabanchel,243998.0,"40.383669444444,-3.7279888888889",14.048315736132,https://www.wikidata.org/wiki/Q1001991,49300,CONSUMO,1,GASTOS DE PERSONAL,SUELDOS DEL GRUPO C2,8733.43,8733.43
5959,1,Ayuntamiento de Madrid,https://www.wikidata.org/wiki/Q3773976,211,Carabanchel,243998.0,"40.383669444444,-3.7279888888889",14.048315736132,https://www.wikidata.org/wiki/Q1001991,49300,CONSUMO,1,GASTOS DE PERSONAL,TRIENIOS,14187.82,14187.82
5960,1,Ayuntamiento de Madrid,https://www.wikidata.org/wiki/Q3773976,211,Carabanchel,243998.0,"40.383669444444,-3.7279888888889",14.048315736132,https://www.wikidata.org/wiki/Q1001991,49300,CONSUMO,1,GASTOS DE PERSONAL,COMPLEMENTO DE DESTINO,36574.81,36574.81
5961,1,Ayuntamiento de Madrid,https://www.wikidata.org/wiki/Q3773976,211,Carabanchel,243998.0,"40.383669444444,-3.7279888888889",14.048315736132,https://www.wikidata.org/wiki/Q1001991,49300,CONSUMO,1,GASTOS DE PERSONAL,COMPLEMENTO ESPECIFICO,82522.82,82522.82
5962,1,Ayuntamiento de Madrid,https://www.wikidata.org/wiki/Q3773976,211,Carabanchel,243998.0,"40.383669444444,-3.7279888888889",14.048315736132,https://www.wikidata.org/wiki/Q1001991,49300,CONSUMO,1,GASTOS DE PERSONAL,OTROS COMPLEMENTOS,4618.98,4618.98
5963,1,Ayuntamiento de Madrid,https://www.wikidata.org/wiki/Q3773976,211,Carabanchel,243998.0,"40.383669444444,-3.7279888888889",14.048315736132,https://www.wikidata.org/wiki/Q1001991,49300,CONSUMO,1,GASTOS DE PERSONAL,SEGURIDAD SOCIAL,56445.4,56445.4
5964,1,Ayuntamiento de Madrid,https://www.wikidata.org/wiki/Q3773976,211,Carabanchel,243998.0,"40.383669444444,-3.7279888888889",14.048315736132,https://www.wikidata.org/wiki/Q1001991,49300,CONSUMO,1,GASTOS DE PERSONAL,OTRAS CUOTAS,7747.96,7747.96
5965,1,Ayuntamiento de Madrid,https://www.wikidata.org/wiki/Q3773976,211,Carabanchel,243998.0,"40.383669444444,-3.7279888888889",14.048315736132,https://www.wikidata.org/wiki/Q1001991,49300,CONSUMO,2,GASTOS EN BIENES CORRIENTES Y SERVICIOS,LOCOMOCION URBANA PERSONAL NO DIRECTIVO,0,0
5966,1,Ayuntamiento de Madrid,https://www.wikidata.org/wiki/Q3773976,211,Carabanchel,243998.0,"40.383669444444,-3.7279888888889",14.048315736132,https://www.wikidata.org/wiki/Q1001991,91220,CONCEJALIA-PRESIDENCIA DEL DISTRITO,1,GASTOS DE PERSONAL,RETRIBUCIONES BASICAS,3760.84,3760.84
5967,1,Ayuntamiento de Madrid,https://www.wikidata.org/wiki/Q3773976,211,Carabanchel,243998.0,"40.383669444444,-3.7279888888889",14.048315736132,https://www.wikidata.org/wiki/Q1001991,91220,CONCEJALIA-PRESIDENCIA DEL DISTRITO,1,GASTOS DE PERSONAL,RETRIBUCIONES BASICAS,23342.13,23342.13
5968,1,Ayuntamiento de Madrid,https://www.wikidata.org/wiki/Q3773976,211,Carabanchel,243998.0,"40.383669444444,-3.7279888888889",14.048315736132,https://www.wikidata.org/wiki/Q1001991,91220,CONCEJALIA-PRESIDENCIA DEL DISTRITO,1,GASTOS DE PERSONAL,RETRIBUCIONES COMPLEMENTARIAS,56922.32,56922.32
5969,1,Ayuntamiento de Madrid,https://www.wikidata.org/wiki/Q3773976,211,Carabanchel,243998.0,"40.383669444444,-3.7279888888889",14.048315736132,https://www.wikidata.org/wiki/Q1001991,91220,CONCEJALIA-PRESIDENCIA DEL DISTRITO,1,GASTOS DE PERSONAL,SUELDOS DEL GRUPO C2,15818.22,15818.22
5970,1,Ayuntamiento de Madrid,https://www.wikidata.org/wiki/Q3773976,211,Carabanchel,243998.0,"40.383669444444,-3.7279888888889",14.048315736132,https://www.wikidata.org/wiki/Q1001991,91220,CONCEJALIA-PRESIDENCIA DEL DISTRITO,1,GASTOS DE PERSONAL,TRIENIOS,3256.13,3256.13
5971,1,Ayuntamiento de Madrid,https://www.wikidata.org/wiki/Q3773976,211,Carabanchel,243998.0,"40.383669444444,-3.7279888888889",14.048315736132,https://www.wikidata.org/wiki/Q1001991,91220,CONCEJALIA-PRESIDENCIA DEL DISTRITO,1,GASTOS DE PERSONAL,COMPLEMENTO DE DESTINO,10271.13,10271.13
5972,1,Ayuntamiento de Madrid,https://www.wikidata.org/wiki/Q3773976,211,Carabanchel,243998.0,"40.383669444444,-3.7279888888889",14.048315736132,https://www.wikidata.org/wiki/Q1001991,91220,CONCEJALIA-PRESIDENCIA DEL DISTRITO,1,GASTOS DE PERSONAL,COMPLEMENTO ESPECIFICO,24959.95,24959.95
5973,1,Ayuntamiento de Madrid,https://www.wikidata.org/wiki/Q3773976,211,Carabanchel,243998.0,"40.383669444444,-3.7279888888889",14.048315736132,https://www.wikidata.org/wiki/Q1001991,91220,CONCEJALIA-PRESIDENCIA DEL DISTRITO,1,GASTOS DE PERSONAL,OTROS COMPLEMENTOS,1678.29,1678.29
5974,1,Ayuntamiento de Madrid,https://www.wikidata.org/wiki/Q3773976,211,Carabanchel,243998.0,"40.383669444444,-3.7279888888889",14.048315736132,https://www.wikidata.org/wiki/Q1001991,91220,CONCEJALIA-PRESIDENCIA DEL DISTRITO,1,GASTOS DE PERSONAL,PRODUCTIVIDAD,9651.96,9651.96
5975,1,Ayuntamiento de Madrid,https://www.wikidata.org/wiki/Q3773976,211,Carabanchel,243998.0,"40.383669444444,-3.7279888888889",14.048315736132,https://www.wikidata.org/wiki/Q1001991,91220,CONCEJALIA-PRESIDENCIA DEL DISTRITO,1,GASTOS DE PERSONAL,SEGURIDAD SOCIAL,40729.02,40729.02
5976,1,Ayuntamiento de Madrid,https://www.wikidata.org/wiki/Q3773976,211,Carabanchel,243998.0,"40.383669444444,-3.7279888888889",14.048315736132,https://www.wikidata.org/wiki/Q1001991,91220,CONCEJALIA-PRESIDENCIA DEL DISTRITO,2,GASTOS EN BIENES CORRIENTES Y SERVICIOS,ATENCIONES PROTOCOLARIAS Y REPRESENTATIVAS,999.61,999.61
5977,1,Ayuntamiento de Madrid,https://www.wikidata.org/wiki/Q3773976,211,Carabanchel,243998.0,"40.383669444444,-3.7279888888889",14.048315736132,https://www.wikidata.org/wiki/Q1001991,92001,DIREC. Y GESTION ADMTVA. DEL DISTRITO,1,GASTOS DE PERSONAL,RETRIBUCIONES BASICAS,95484.31,95484.31
5978,1,Ayuntamiento de Madrid,https://www.wikidata.org/wiki/Q3773976,211,Carabanchel,243998.0,"40.383669444444,-3.7279888888889",14.048315736132,https://www.wikidata.org/wiki/Q1001991,92001,DIREC. Y GESTION ADMTVA. DEL DISTRITO,1,GASTOS DE PERSONAL,SUELDOS DEL GRUPO A1,142093.65,142093.65
5979,1,Ayuntamiento de Madrid,https://www.wikidata.org/wiki/Q3773976,211,Carabanchel,243998.0,"40.383669444444,-3.7279888888889",14.048315736132,https://www.wikidata.org/wiki/Q1001991,92001,DIREC. Y GESTION ADMTVA. DEL DISTRITO,1,GASTOS DE PERSONAL,SUELDOS DEL GRUPO A2,221545.7,221545.7
5980,1,Ayuntamiento de Madrid,https://www.wikidata.org/wiki/Q3773976,211,Carabanchel,243998.0,"40.383669444444,-3.7279888888889",14.048315736132,https://www.wikidata.org/wiki/Q1001991,92001,DIREC. Y GESTION ADMTVA. DEL DISTRITO,1,GASTOS DE PERSONAL,SUELDOS DEL GRUPO C1,117514.25,117514.25
5981,1,Ayuntamiento de Madrid,https://www.wikidata.org/wiki/Q3773976,211,Carabanchel,243998.0,"40.383669444444,-3.7279888888889",14.048315736132,https://www.wikidata.org/wiki/Q1001991,92001,DIREC. Y GESTION ADMTVA. DEL DISTRITO,1,GASTOS DE PERSONAL,SUELDOS DEL GRUPO C2,280793.3,280793.3
5982,1,Ayuntamiento de Madrid,https://www.wikidata.org/wiki/Q3773976,211,Carabanchel,243998.0,"40.383669444444,-3.7279888888889",14.048315736132,https://www.wikidata.org/wiki/Q1001991,92001,DIREC. Y GESTION ADMTVA. DEL DISTRITO,1,GASTOS DE PERSONAL,SUELDOS DEL GRUPO E,96861.64,96861.64
5983,1,Ayuntamiento de Madrid,https://www.wikidata.org/wiki/Q3773976,211,Carabanchel,243998.0,"40.383669444444,-3.7279888888889",14.048315736132,https://www.wikidata.org/wiki/Q1001991,92001,DIREC. Y GESTION ADMTVA. DEL DISTRITO,1,GASTOS DE PERSONAL,TRIENIOS,144876.23,144876.23
5984,1,Ayuntamiento de Madrid,https://www.wikidata.org/wiki/Q3773976,211,Carabanchel,243998.0,"40.383669444444,-3.7279888888889",14.048315736132,https://www.wikidata.org/wiki/Q1001991,92001,DIREC. Y GESTION ADMTVA. DEL DISTRITO,1,GASTOS DE PERSONAL,COMPLEMENTO DE DESTINO,520765.57,520765.57
5985,1,Ayuntamiento de Madrid,https://www.wikidata.org/wiki/Q3773976,211,Carabanchel,243998.0,"40.383669444444,-3.7279888888889",14.048315736132,https://www.wikidata.org/wiki/Q1001991,92001,DIREC. Y GESTION ADMTVA. DEL DISTRITO,1,GASTOS DE PERSONAL,COMPLEMENTO ESPECIFICO,1225954.95,1225954.95
5986,1,Ayuntamiento de Madrid,https://www.wikidata.org/wiki/Q3773976,211,Carabanchel,243998.0,"40.383669444444,-3.7279888888889",14.048315736132,https://www.wikidata.org/wiki/Q1001991,92001,DIREC. Y GESTION ADMTVA. DEL DISTRITO,1,GASTOS DE PERSONAL,OTROS COMPLEMENTOS,77920.7,77920.7
5987,1,Ayuntamiento de Madrid,https://www.wikidata.org/wiki/Q3773976,211,Carabanchel,243998.0,"40.383669444444,-3.7279888888889",14.048315736132,https://www.wikidata.org/wiki/Q1001991,92001,DIREC. Y GESTION ADMTVA. DEL DISTRITO,1,GASTOS DE PERSONAL,RETRIBUCIONES BASICAS,71281.53,71281.53
5988,1,Ayuntamiento de Madrid,https://www.wikidata.org/wiki/Q3773976,211,Carabanchel,243998.0,"40.383669444444,-3.7279888888889",14.048315736132,https://www.wikidata.org/wiki/Q1001991,92001,DIREC. Y GESTION ADMTVA. DEL DISTRITO,1,GASTOS DE PERSONAL,OTRAS REMUNERACIONES,48196.31,48196.31
5989,1,Ayuntamiento de Madrid,https://www.wikidata.org/wiki/Q3773976,211,Carabanchel,243998.0,"40.383669444444,-3.7279888888889",14.048315736132,https://www.wikidata.org/wiki/Q1001991,92001,DIREC. Y GESTION ADMTVA. DEL DISTRITO,1,GASTOS DE PERSONAL,RETRIBUCIONES BASICAS,88534.33,88534.33
5990,1,Ayuntamiento de Madrid,https://www.wikidata.org/wiki/Q3773976,211,Carabanchel,243998.0,"40.383669444444,-3.7279888888889",14.048315736132,https://www.wikidata.org/wiki/Q1001991,92001,DIREC. Y GESTION ADMTVA. DEL DISTRITO,1,GASTOS DE PERSONAL,OTRAS REMUNERACIONES,8150.56,8150.56
5991,1,Ayuntamiento de Madrid,https://www.wikidata.org/wiki/Q3773976,211,Carabanchel,243998.0,"40.383669444444,-3.7279888888889",14.048315736132,https://www.wikidata.org/wiki/Q1001991,92001,DIREC. Y GESTION ADMTVA. DEL DISTRITO,1,GASTOS DE PERSONAL,PRODUCTIVIDAD,68100.98,68100.98
5992,1,Ayuntamiento de Madrid,https://www.wikidata.org/wiki/Q3773976,211,Carabanchel,243998.0,"40.383669444444,-3.7279888888889",14.048315736132,https://www.wikidata.org/wiki/Q1001991,92001,DIREC. Y GESTION ADMTVA. DEL DISTRITO,1,GASTOS DE PERSONAL,SEGURIDAD SOCIAL,871616.02,871616.02
5993,1,Ayuntamiento de Madrid,https://www.wikidata.org/wiki/Q3773976,211,Carabanchel,243998.0,"40.383669444444,-3.7279888888889",14.048315736132,https://www.wikidata.org/wiki/Q1001991,92001,DIREC. Y GESTION ADMTVA. DEL DISTRITO,1,GASTOS DE PERSONAL,OTRAS CUOTAS,78918.52,78918.52
5994,1,Ayuntamiento de Madrid,https://www.wikidata.org/wiki/Q3773976,211,Carabanchel,243998.0,"40.383669444444,-3.7279888888889",14.048315736132,https://www.wikidata.org/wiki/Q1001991,92001,DIREC. Y GESTION ADMTVA. DEL DISTRITO,2,GASTOS EN BIENES CORRIENTES Y SERVICIOS,ARRENDAMIENTOS DE MOBILIARIO Y ENSERES,3951.6,3812.21
5995,1,Ayuntamiento de Madrid,https://www.wikidata.org/wiki/Q3773976,211,Carabanchel,243998.0,"40.383669444444,-3.7279888888889",14.048315736132,https://www.wikidata.org/wiki/Q1001991,92001,DIREC. Y GESTION ADMTVA. DEL DISTRITO,2,GASTOS EN BIENES CORRIENTES Y SERVICIOS,MATERIAL DE OFICINA ORDINARIO NO INVENTARIABLE,14028.31,13560.04
5996,1,Ayuntamiento de Madrid,https://www.wikidata.org/wiki/Q3773976,211,Carabanchel,243998.0,"40.383669444444,-3.7279888888889",14.048315736132,https://www.wikidata.org/wiki/Q1001991,92001,DIREC. Y GESTION ADMTVA. DEL DISTRITO,2,GASTOS EN BIENES CORRIENTES Y SERVICIOS,"PRENSA, REVISTAS, LIBROS Y OTRAS PUBLICACIONES",297.51,267.9
5997,1,Ayuntamiento de Madrid,https://www.wikidata.org/wiki/Q3773976,211,Carabanchel,243998.0,"40.383669444444,-3.7279888888889",14.048315736132,https://www.wikidata.org/wiki/Q1001991,92001,DIREC. Y GESTION ADMTVA. DEL DISTRITO,2,GASTOS EN BIENES CORRIENTES Y SERVICIOS,MATERIAL INFORMATICO NO INVENTARIABLE,0,0
5998,1,Ayuntamiento de Madrid,https://www.wikidata.org/wiki/Q3773976,211,Carabanchel,243998.0,"40.383669444444,-3.7279888888889",14.048315736132,https://www.wikidata.org/wiki/Q1001991,92001,DIREC. Y GESTION ADMTVA. DEL DISTRITO,2,GASTOS EN BIENES CORRIENTES Y SERVICIOS,VESTUARIO,9998.59,9998.59
5999,1,Ayuntamiento de Madrid,https://www.wikidata.org/wiki/Q3773976,211,Carabanchel,243998.0,"40.383669444444,-3.7279888888889",14.048315736132,https://www.wikidata.org/wiki/Q1001991,92001,DIREC. Y GESTION ADMTVA. DEL DISTRITO,2,GASTOS EN BIENES CORRIENTES Y SERVICIOS,OTROS SUMINISTROS,2459.6,2459.6
6000,1,Ayuntamiento de Madrid,https://www.wikidata.org/wiki/Q3773976,211,Carabanchel,243998.0,"40.383669444444,-3.7279888888889",14.048315736132,https://www.wikidata.org/wiki/Q1001991,92001,DIREC. Y GESTION ADMTVA. DEL DISTRITO,2,GASTOS EN BIENES CORRIENTES Y SERVICIOS,TRANSPORTES,0,0
6001,1,Ayuntamiento de Madrid,https://www.wikidata.org/wiki/Q3773976,211,Carabanchel,243998.0,"40.383669444444,-3.7279888888889",14.048315736132,https://www.wikidata.org/wiki/Q1001991,92001,DIREC. Y GESTION ADMTVA. DEL DISTRITO,2,GASTOS EN BIENES CORRIENTES Y SERVICIOS,TRIBUTOS DE LAS COMUNIDADES AUTONOMAS,822.2,822.2
6002,1,Ayuntamiento de Madrid,https://www.wikidata.org/wiki/Q3773976,211,Carabanchel,243998.0,"40.383669444444,-3.7279888888889",14.048315736132,https://www.wikidata.org/wiki/Q1001991,92001,DIREC. Y GESTION ADMTVA. DEL DISTRITO,2,GASTOS EN BIENES CORRIENTES Y SERVICIOS,PUBLICIDAD Y PROPAGANDA,12188.09,12188.09
6003,1,Ayuntamiento de Madrid,https://www.wikidata.org/wiki/Q3773976,211,Carabanchel,243998.0,"40.383669444444,-3.7279888888889",14.048315736132,https://www.wikidata.org/wiki/Q1001991,92001,DIREC. Y GESTION ADMTVA. DEL DISTRITO,2,GASTOS EN BIENES CORRIENTES Y SERVICIOS,PUBLICACION EN DIARIOS OFICIALES,2389.92,2389.92
6004,1,Ayuntamiento de Madrid,https://www.wikidata.org/wiki/Q3773976,211,Carabanchel,243998.0,"40.383669444444,-3.7279888888889",14.048315736132,https://www.wikidata.org/wiki/Q1001991,92001,DIREC. Y GESTION ADMTVA. DEL DISTRITO,2,GASTOS EN BIENES CORRIENTES Y SERVICIOS,GASTOS JURIDICOS Y CONTENCIOSOS,8929.76,8929.76
6005,1,Ayuntamiento de Madrid,https://www.wikidata.org/wiki/Q3773976,211,Carabanchel,243998.0,"40.383669444444,-3.7279888888889",14.048315736132,https://www.wikidata.org/wiki/Q1001991,92001,DIREC. Y GESTION ADMTVA. DEL DISTRITO,2,GASTOS EN BIENES CORRIENTES Y SERVICIOS,ESTUDIOS Y TRABAJOS TECNICOS,214599.55,48824.64
6006,1,Ayuntamiento de Madrid,https://www.wikidata.org/wiki/Q3773976,211,Carabanchel,243998.0,"40.383669444444,-3.7279888888889",14.048315736132,https://www.wikidata.org/wiki/Q1001991,92001,DIREC. Y GESTION ADMTVA. DEL DISTRITO,2,GASTOS EN BIENES CORRIENTES Y SERVICIOS,INDEMNIZACION A VOCALES DE JUNTAS DE DISTRITO,104460.4,104460.4
6007,1,Ayuntamiento de Madrid,https://www.wikidata.org/wiki/Q3773976,211,Carabanchel,243998.0,"40.383669444444,-3.7279888888889",14.048315736132,https://www.wikidata.org/wiki/Q1001991,92001,DIREC. Y GESTION ADMTVA. DEL DISTRITO,2,GASTOS EN BIENES CORRIENTES Y SERVICIOS,OTRAS INDEMNIZACIONES,115,115
6008,1,Ayuntamiento de Madrid,https://www.wikidata.org/wiki/Q3773976,211,Carabanchel,243998.0,"40.383669444444,-3.7279888888889",14.048315736132,https://www.wikidata.org/wiki/Q1001991,92001,DIREC. Y GESTION ADMTVA. DEL DISTRITO,3,GASTOS FINANCIEROS,INTERESES DE DEMORA,1541.06,1541.06
6009,1,Ayuntamiento de Madrid,https://www.wikidata.org/wiki/Q3773976,211,Carabanchel,243998.0,"40.383669444444,-3.7279888888889",14.048315736132,https://www.wikidata.org/wiki/Q1001991,92001,DIREC. Y GESTION ADMTVA. DEL DISTRITO,6,INVERSIONES REALES,MOBILIARIO Y EQUIPOS DE OFICINA (REFORMA Y REP.),12764.83,12764.83
6010,1,Ayuntamiento de Madrid,https://www.wikidata.org/wiki/Q3773976,211,Carabanchel,243998.0,"40.383669444444,-3.7279888888889",14.048315736132,https://www.wikidata.org/wiki/Q1001991,92401,PARTICIPACION CIUDADANA,4,TRANSFERENCIAS CORRIENTES,OTRAS TRANSFERENCIAS  A INSTITUC. SIN FINES  LUCRO,43724.7,43724.7
6011,1,Ayuntamiento de Madrid,https://www.wikidata.org/wiki/Q3773976,211,Carabanchel,243998.0,"40.383669444444,-3.7279888888889",14.048315736132,https://www.wikidata.org/wiki/Q1001991,92401,PARTICIPACION CIUDADANA,7,TRANSFERENCIAS DE CAPITAL,OTRAS TRANSF. DE CAPITAL A INST. SIN FINES LUCRO,3482.5,3482.5
6012,1,Ayuntamiento de Madrid,https://www.wikidata.org/wiki/Q3773976,211,Carabanchel,243998.0,"40.383669444444,-3.7279888888889",14.048315736132,https://www.wikidata.org/wiki/Q1001991,93302,EDIFICIOS,2,GASTOS EN BIENES CORRIENTES Y SERVICIOS,REP.MANT. Y CONSERV. EDIFICIOS Y OTRAS CONSTRUC.,383746.65,380049.32
6013,1,Ayuntamiento de Madrid,https://www.wikidata.org/wiki/Q3773976,211,Carabanchel,243998.0,"40.383669444444,-3.7279888888889",14.048315736132,https://www.wikidata.org/wiki/Q1001991,93302,EDIFICIOS,2,GASTOS EN BIENES CORRIENTES Y SERVICIOS,LIMPIEZA Y ASEO,1139652.15,1139652.13
6014,1,Ayuntamiento de Madrid,https://www.wikidata.org/wiki/Q3773976,211,Carabanchel,243998.0,"40.383669444444,-3.7279888888889",14.048315736132,https://www.wikidata.org/wiki/Q1001991,93302,EDIFICIOS,2,GASTOS EN BIENES CORRIENTES Y SERVICIOS,SEGURIDAD,357259.74,276075.23
6015,1,Ayuntamiento de Madrid,https://www.wikidata.org/wiki/Q3773976,211,Carabanchel,243998.0,"40.383669444444,-3.7279888888889",14.048315736132,https://www.wikidata.org/wiki/Q1001991,93302,EDIFICIOS,2,GASTOS EN BIENES CORRIENTES Y SERVICIOS,OTROS TRABAJOS REALIZADOS POR OTRAS EMP. Y PROF.,491746.58,491746.56
6016,1,Ayuntamiento de Madrid,https://www.wikidata.org/wiki/Q3773976,211,Carabanchel,243998.0,"40.383669444444,-3.7279888888889",14.048315736132,https://www.wikidata.org/wiki/Q1001991,93302,EDIFICIOS,6,INVERSIONES REALES,EDIFICIOS Y OTRAS CONSTRUCCIONES (REFORMA),0,0
6017,1,Ayuntamiento de Madrid,https://www.wikidata.org/wiki/Q3773976,211,Carabanchel,243998.0,"40.383669444444,-3.7279888888889",14.048315736132,https://www.wikidata.org/wiki/Q1001991,93303,I.F.S. GESTION DEL PATRIMONIO,6,INVERSIONES REALES,EDIFICIOS Y OTRAS CONSTRUCCIONES (REFORMA),1816953.37,1184577.45
