Economico,ingresos,Centro,Descripcion Centro,wikicentro,Capitulo,Descripcion Capitulo,Descripcion Economico,PREV.DEFINITIV,RECAUDADO
0000,0,1,Ayuntamiento de Madrid,https://www.wikidata.org/wiki/Q3773976,1,IMPUESTOS DIRECTOS,IMPUESTO SOBRE LA RENTA DE LAS PERSONAS FÍSICAS,130870793,154049253
0001,1,1,Ayuntamiento de Madrid,https://www.wikidata.org/wiki/Q3773976,1,IMPUESTOS DIRECTOS,IMPUESTO S/BIENES INMUEBLES DE NATURALEZA RÚSTICA,643044,546520.39
0002,2,1,Ayuntamiento de Madrid,https://www.wikidata.org/wiki/Q3773976,1,IMPUESTOS DIRECTOS,IMPUESTO S/ BIENES INMUEBLES DE NATURALEZA URBANA,1426693904,1364511829
0003,3,1,Ayuntamiento de Madrid,https://www.wikidata.org/wiki/Q3773976,1,IMPUESTOS DIRECTOS,IMPUESTO S/ BIENES INMUEBLES CARACTER. ESPECIALES,51261112,5.067498544E7
0004,4,1,Ayuntamiento de Madrid,https://www.wikidata.org/wiki/Q3773976,1,IMPUESTOS DIRECTOS,IMPUESTO SOBRE VEHÍCULOS DE TRACCIÓN MECÁNICA,134296479,1.166971898E8
0005,5,1,Ayuntamiento de Madrid,https://www.wikidata.org/wiki/Q3773976,1,IMPUESTOS DIRECTOS,IMPUESTO S/ EL INCREMENTO DE VALOR DE LOS TERRENOS,516768594,5.107890183E8
0006,6,1,Ayuntamiento de Madrid,https://www.wikidata.org/wiki/Q3773976,1,IMPUESTOS DIRECTOS,ACTIVIDADES EMPRESARIALES,130429658,1.208547192E8
0007,7,1,Ayuntamiento de Madrid,https://www.wikidata.org/wiki/Q3773976,1,IMPUESTOS DIRECTOS,ACTIVIDADES PROFESIONALES Y ARTÍSTICAS,1474,2443.34
0008,8,1,Ayuntamiento de Madrid,https://www.wikidata.org/wiki/Q3773976,1,IMPUESTOS DIRECTOS,IMPUESTOS DIRECTOS EXTINGUIDOS,2264,5792.31
0009,9,1,Ayuntamiento de Madrid,https://www.wikidata.org/wiki/Q3773976,2,IMPUESTOS INDIRECTOS,IMPUESTO SOBRE EL VALOR AÑADIDO,72879975,7.322950312E7
0010,10,1,Ayuntamiento de Madrid,https://www.wikidata.org/wiki/Q3773976,2,IMPUESTOS INDIRECTOS,IMPUESTO SOBRE EL ALCOHOL Y BEBIDAS DERIVADAS,913639,827265.86
0011,11,1,Ayuntamiento de Madrid,https://www.wikidata.org/wiki/Q3773976,2,IMPUESTOS INDIRECTOS,IMPUESTO SOBRE LA CERVEZA,337135,326143.19
0012,12,1,Ayuntamiento de Madrid,https://www.wikidata.org/wiki/Q3773976,2,IMPUESTOS INDIRECTOS,IMPUESTO SOBRE LABORES DE TABACO,6538827,5375130.33
0013,13,1,Ayuntamiento de Madrid,https://www.wikidata.org/wiki/Q3773976,2,IMPUESTOS INDIRECTOS,IMPUESTO SOBRE HIDROCARBUROS,7728220,7228464.3
0014,14,1,Ayuntamiento de Madrid,https://www.wikidata.org/wiki/Q3773976,2,IMPUESTOS INDIRECTOS,IMPUESTO SOBRE PRODUCTOS INTERMEDIOS,21829,19434.96
0015,15,1,Ayuntamiento de Madrid,https://www.wikidata.org/wiki/Q3773976,2,IMPUESTOS INDIRECTOS,"IMPUESTO S/CONSTRUCCIONES, INSTALAC. Y OBRAS",88429503,104184111
0016,16,1,Ayuntamiento de Madrid,https://www.wikidata.org/wiki/Q3773976,2,IMPUESTOS INDIRECTOS,IMPUESTO COTOS DE CAZA Y PESCA,329,354.89
0017,17,1,Ayuntamiento de Madrid,https://www.wikidata.org/wiki/Q3773976,3,TASAS Y OTROS INGRESOS,RETIRADA CONTENEDORES DE LA VÍA PÚBLICA,116015,102082.1
0018,18,1,Ayuntamiento de Madrid,https://www.wikidata.org/wiki/Q3773976,3,TASAS Y OTROS INGRESOS,TASA POR GESTIÓN DE RESIDUOS,39824937,3.508326415E7
0019,19,1,Ayuntamiento de Madrid,https://www.wikidata.org/wiki/Q3773976,3,TASAS Y OTROS INGRESOS,VERTEDERO,2602365,2072246
0020,20,1,Ayuntamiento de Madrid,https://www.wikidata.org/wiki/Q3773976,3,TASAS Y OTROS INGRESOS,RECOGIDA DE DESECHOS E INCINERACIÓN,78306,57188.7
0021,21,1,Ayuntamiento de Madrid,https://www.wikidata.org/wiki/Q3773976,3,TASAS Y OTROS INGRESOS,SERVICIOS DE HIGIENE Y SALUD PÚBLICA,108842,67745.84
0022,22,1,Ayuntamiento de Madrid,https://www.wikidata.org/wiki/Q3773976,3,TASAS Y OTROS INGRESOS,MANTENIMIENTO DEL SERVICIO DE BOMBEROS,16368000,1.674367621E7
0023,23,1,Ayuntamiento de Madrid,https://www.wikidata.org/wiki/Q3773976,3,TASAS Y OTROS INGRESOS,BOLETIN AYUNTAMIENTO DE MADRID,3000,1196.3
0024,24,1,Ayuntamiento de Madrid,https://www.wikidata.org/wiki/Q3773976,3,TASAS Y OTROS INGRESOS,CENTRO MUNICIPAL DE ACÚSTICA,10070,656.01
0025,25,1,Ayuntamiento de Madrid,https://www.wikidata.org/wiki/Q3773976,3,TASAS Y OTROS INGRESOS,TRANSPORTES ESPECIALES,11204,16371
0026,26,1,Ayuntamiento de Madrid,https://www.wikidata.org/wiki/Q3773976,3,TASAS Y OTROS INGRESOS,"COPIAS, FOTOCOPIAS Y FOTOGRAFÍAS",123189,70826.55
0027,27,1,Ayuntamiento de Madrid,https://www.wikidata.org/wiki/Q3773976,3,TASAS Y OTROS INGRESOS,GALERIAS MUNICIPALES DE SERVICIOS,482616,2516478.47
0028,28,1,Ayuntamiento de Madrid,https://www.wikidata.org/wiki/Q3773976,3,TASAS Y OTROS INGRESOS,DERECHOS DE EXAMEN,196250,282429.11
0029,29,1,Ayuntamiento de Madrid,https://www.wikidata.org/wiki/Q3773976,3,TASAS Y OTROS INGRESOS,TASAS EXTINGUIDAS SERV. PÚBLICOS BÁSICOS,0,-53845.92
0030,30,1,Ayuntamiento de Madrid,https://www.wikidata.org/wiki/Q3773976,3,TASAS Y OTROS INGRESOS,SERVICIOS SANITARIOS,922078,999404.24
0031,31,1,Ayuntamiento de Madrid,https://www.wikidata.org/wiki/Q3773976,3,TASAS Y OTROS INGRESOS,PLANETARIO DE MADRID,500000,355902.62
0032,32,1,Ayuntamiento de Madrid,https://www.wikidata.org/wiki/Q3773976,3,TASAS Y OTROS INGRESOS,MATRIMONIOS CIVILES,204431,194170
0033,33,1,Ayuntamiento de Madrid,https://www.wikidata.org/wiki/Q3773976,3,TASAS Y OTROS INGRESOS,LICENCIAS URBANÍSTICAS,12753890,1.375151549E7
0034,34,1,Ayuntamiento de Madrid,https://www.wikidata.org/wiki/Q3773976,3,TASAS Y OTROS INGRESOS,OTRAS PRESTACIONES URBANÍSTICAS,2544902,1941733.6
0035,35,1,Ayuntamiento de Madrid,https://www.wikidata.org/wiki/Q3773976,3,TASAS Y OTROS INGRESOS,LICENCIAS DE PRIMERA OCUPACIÓN,1200978,1375102.96
0036,36,1,Ayuntamiento de Madrid,https://www.wikidata.org/wiki/Q3773976,3,TASAS Y OTROS INGRESOS,EXPEDICIÓN DOCUMENTOS ADMINISTRATIVOS,1108595,1362303.95
0037,37,1,Ayuntamiento de Madrid,https://www.wikidata.org/wiki/Q3773976,3,TASAS Y OTROS INGRESOS,RETIRADA DE VEHÍCULOS DE LA VÍA PÚBLICA,5952569,5423994.23
0038,38,1,Ayuntamiento de Madrid,https://www.wikidata.org/wiki/Q3773976,3,TASAS Y OTROS INGRESOS,AUTOTAXIS,1117383,993488.47
0039,39,1,Ayuntamiento de Madrid,https://www.wikidata.org/wiki/Q3773976,3,TASAS Y OTROS INGRESOS,TASAS EXTINGUIDAS POR REALIZACIÓN DE ACTIVIDADES,226146,127987.4
0040,40,1,Ayuntamiento de Madrid,https://www.wikidata.org/wiki/Q3773976,3,TASAS Y OTROS INGRESOS,OTRAS TASAS POR REALIZACIÓN DE ACTIVIDADES,19687,8505.7
0041,41,1,Ayuntamiento de Madrid,https://www.wikidata.org/wiki/Q3773976,3,TASAS Y OTROS INGRESOS,ESTACIONAMIENTO DE VEHÍCULOS DE RESIDENTES,5283945,5527223.07
0042,42,1,Ayuntamiento de Madrid,https://www.wikidata.org/wiki/Q3773976,3,TASAS Y OTROS INGRESOS,ESTACIONAMIENTO DE VEHÍCULOS COMERC. E INDUSTR.,4086790,5988340.16
0043,43,1,Ayuntamiento de Madrid,https://www.wikidata.org/wiki/Q3773976,3,TASAS Y OTROS INGRESOS,TALLERES DE REPARACIÓN,16211,17419.5
0044,44,1,Ayuntamiento de Madrid,https://www.wikidata.org/wiki/Q3773976,3,TASAS Y OTROS INGRESOS,ESTACIONAMIENTO DE VEHÍCULOS LOTE 1,17664134,1.64718641E7
0045,45,1,Ayuntamiento de Madrid,https://www.wikidata.org/wiki/Q3773976,3,TASAS Y OTROS INGRESOS,ESTACIONAMIENTO DE VEHÍCULOS LOTE 2,24939222,2.194199823E7
0046,46,1,Ayuntamiento de Madrid,https://www.wikidata.org/wiki/Q3773976,3,TASAS Y OTROS INGRESOS,ESTACIONAMIENTO DE VEHÍCULOS LOTE 3,19249358,1.505787439E7
0047,47,1,Ayuntamiento de Madrid,https://www.wikidata.org/wiki/Q3773976,3,TASAS Y OTROS INGRESOS,ESTACIONAMIENTO DE VEHÍCULOS LOTE 4,21347909,1.926779928E7
0048,48,1,Ayuntamiento de Madrid,https://www.wikidata.org/wiki/Q3773976,3,TASAS Y OTROS INGRESOS,ENTRADA DE VEHÍCULOS,26391988,2.711361751E7
0049,49,1,Ayuntamiento de Madrid,https://www.wikidata.org/wiki/Q3773976,3,TASAS Y OTROS INGRESOS,EMPRESAS EXPLOTADORAS SERV. DE SUMINISTROS,42966000,2.843912499E7
0050,50,1,Ayuntamiento de Madrid,https://www.wikidata.org/wiki/Q3773976,3,TASAS Y OTROS INGRESOS,EMPRESAS EXPLOT. SERV. TELECOMUNICACIONES MÓVILES,267875,2742.72
0051,51,1,Ayuntamiento de Madrid,https://www.wikidata.org/wiki/Q3773976,3,TASAS Y OTROS INGRESOS,EMPRESAS EXPLOT. SERV. TELECOMUNICACIONES FIJAS,16334714,984747.79
0052,52,1,Ayuntamiento de Madrid,https://www.wikidata.org/wiki/Q3773976,3,TASAS Y OTROS INGRESOS,TASA POR APERTURA DE CALAS Y ZANJAS,227951,495706.19
0053,53,1,Ayuntamiento de Madrid,https://www.wikidata.org/wiki/Q3773976,3,TASAS Y OTROS INGRESOS,TERRAZAS,9603618,5985437.44
0054,54,1,Ayuntamiento de Madrid,https://www.wikidata.org/wiki/Q3773976,3,TASAS Y OTROS INGRESOS,TASA CAJEROS AUTOMÁTICOS,479059,493278.9
0055,55,1,Ayuntamiento de Madrid,https://www.wikidata.org/wiki/Q3773976,3,TASAS Y OTROS INGRESOS,"COMPENSACIÓN TELEFÓNICA, S.A. (LEY 15/87)",15504519,1.693903498E7
0056,56,1,Ayuntamiento de Madrid,https://www.wikidata.org/wiki/Q3773976,3,TASAS Y OTROS INGRESOS,VALLAS Y ANDAMIOS,7653064,7249462.7
0057,57,1,Ayuntamiento de Madrid,https://www.wikidata.org/wiki/Q3773976,3,TASAS Y OTROS INGRESOS,PUESTOS,1348667,1212826.85
0058,58,1,Ayuntamiento de Madrid,https://www.wikidata.org/wiki/Q3773976,3,TASAS Y OTROS INGRESOS,FIESTAS CALLEJERAS,6159,5096.7
0059,59,1,Ayuntamiento de Madrid,https://www.wikidata.org/wiki/Q3773976,3,TASAS Y OTROS INGRESOS,USOS PARTICULARES DEL SUBSUELO,313883,314354.28
0060,60,1,Ayuntamiento de Madrid,https://www.wikidata.org/wiki/Q3773976,3,TASAS Y OTROS INGRESOS,SURTIDORES DE GASOLINA,692388,3160.9
0061,61,1,Ayuntamiento de Madrid,https://www.wikidata.org/wiki/Q3773976,3,TASAS Y OTROS INGRESOS,CONTENEDORES,1000000,1352502.69
0062,62,1,Ayuntamiento de Madrid,https://www.wikidata.org/wiki/Q3773976,3,TASAS Y OTROS INGRESOS,"PUBLICIDAD EN VALLAS, ANDAMIOS Y SIMILARES",81775,85912.02
0063,63,1,Ayuntamiento de Madrid,https://www.wikidata.org/wiki/Q3773976,3,TASAS Y OTROS INGRESOS,ACCIONES PUBLICITARIAS EN LA VÍA PÚBLICA,262779,235943.21
0064,64,1,Ayuntamiento de Madrid,https://www.wikidata.org/wiki/Q3773976,3,TASAS Y OTROS INGRESOS,OTROS APROVECHAMIENTOS,5712587,5094984.15
0065,65,1,Ayuntamiento de Madrid,https://www.wikidata.org/wiki/Q3773976,3,TASAS Y OTROS INGRESOS,ASESORAMIENTO SANITARIO Y VACUNAS,145327,120968.6
0066,66,1,Ayuntamiento de Madrid,https://www.wikidata.org/wiki/Q3773976,3,TASAS Y OTROS INGRESOS,ANÁLISIS CLÍNICOS,1722,2254
0067,67,1,Ayuntamiento de Madrid,https://www.wikidata.org/wiki/Q3773976,3,TASAS Y OTROS INGRESOS,ESCUELA DE CERÁMICA,96657,100160.8
0068,68,1,Ayuntamiento de Madrid,https://www.wikidata.org/wiki/Q3773976,3,TASAS Y OTROS INGRESOS,ESCUELA DE SALUD PÚBLICA,8433,6369.9
0069,69,1,Ayuntamiento de Madrid,https://www.wikidata.org/wiki/Q3773976,3,TASAS Y OTROS INGRESOS,PISCINAS E INSTALACIONES DEPORTIVAS,31657900,3.139973923E7
0070,70,1,Ayuntamiento de Madrid,https://www.wikidata.org/wiki/Q3773976,3,TASAS Y OTROS INGRESOS,TALLERES CULTURALES,10993721,1.106627807E7
0071,71,1,Ayuntamiento de Madrid,https://www.wikidata.org/wiki/Q3773976,3,TASAS Y OTROS INGRESOS,ACTIVIDADES SOCIALES Y CULTURALES,44734,36816.57
0072,72,1,Ayuntamiento de Madrid,https://www.wikidata.org/wiki/Q3773976,3,TASAS Y OTROS INGRESOS,RESIDENCIAS MUNICIPALES,111007,104006.3
0073,73,1,Ayuntamiento de Madrid,https://www.wikidata.org/wiki/Q3773976,3,TASAS Y OTROS INGRESOS,SERVICIO DE COMEDOR,49556,30084.51
0074,74,1,Ayuntamiento de Madrid,https://www.wikidata.org/wiki/Q3773976,3,TASAS Y OTROS INGRESOS,CENTROS ESCOLARES ABIERTOS,1286798,1126925.12
0075,75,1,Ayuntamiento de Madrid,https://www.wikidata.org/wiki/Q3773976,3,TASAS Y OTROS INGRESOS,ESCUELAS INFANTILES MUNICIPALES,266210,147589.23
0076,76,1,Ayuntamiento de Madrid,https://www.wikidata.org/wiki/Q3773976,3,TASAS Y OTROS INGRESOS,OTROS SERVICIOS SOCIO CULTURALES,25000,27779.19
0077,77,1,Ayuntamiento de Madrid,https://www.wikidata.org/wiki/Q3773976,3,TASAS Y OTROS INGRESOS,OBRAS POR PASOS DE CARRUAJES,399608.5,299058.04
0078,78,1,Ayuntamiento de Madrid,https://www.wikidata.org/wiki/Q3773976,3,TASAS Y OTROS INGRESOS,OBRAS EN LA VÍA PUBLICA - DISTRITOS,21519,33857.46
0079,79,1,Ayuntamiento de Madrid,https://www.wikidata.org/wiki/Q3773976,3,TASAS Y OTROS INGRESOS,OTRAS OBRAS EN LA VÍA PÚBLICA,0,116217.03
0080,80,1,Ayuntamiento de Madrid,https://www.wikidata.org/wiki/Q3773976,3,TASAS Y OTROS INGRESOS,CASAS DE BAÑO,41981,41621.5
0081,81,1,Ayuntamiento de Madrid,https://www.wikidata.org/wiki/Q3773976,3,TASAS Y OTROS INGRESOS,OTROS PRECIOS PÚBLICOS,2153360,400093.13
0082,82,1,Ayuntamiento de Madrid,https://www.wikidata.org/wiki/Q3773976,3,TASAS Y OTROS INGRESOS,VENTA DE EFECTOS INÚTILES,2106022,1718973.32
0083,83,1,Ayuntamiento de Madrid,https://www.wikidata.org/wiki/Q3773976,3,TASAS Y OTROS INGRESOS,REVISTAS Y DEMÁS PUBLICACIONES,18640,21020.34
0084,84,1,Ayuntamiento de Madrid,https://www.wikidata.org/wiki/Q3773976,3,TASAS Y OTROS INGRESOS,VENTA DE ELECTRICIDAD,30000,18428.67
0085,85,1,Ayuntamiento de Madrid,https://www.wikidata.org/wiki/Q3773976,3,TASAS Y OTROS INGRESOS,VENTA DE RESIDUOS,0,10593.07
0086,86,1,Ayuntamiento de Madrid,https://www.wikidata.org/wiki/Q3773976,3,TASAS Y OTROS INGRESOS,PAGOS DE  EJERCICIOS ANTERIORES,2.320553051E7,2.363809652E7
0087,87,1,Ayuntamiento de Madrid,https://www.wikidata.org/wiki/Q3773976,3,TASAS Y OTROS INGRESOS,REINTEGROS DE AYUDAS DE ESTADO ILEGALES,0,327653.1
0088,88,1,Ayuntamiento de Madrid,https://www.wikidata.org/wiki/Q3773976,3,TASAS Y OTROS INGRESOS,REINTEGROS PAGO IBI ESTACIONES REGENERADORAS AGUAS,0,0
0089,89,1,Ayuntamiento de Madrid,https://www.wikidata.org/wiki/Q3773976,3,TASAS Y OTROS INGRESOS,REINTEGROS TRATAMIENTO DE LODOS,0,0
0090,90,1,Ayuntamiento de Madrid,https://www.wikidata.org/wiki/Q3773976,3,TASAS Y OTROS INGRESOS,OTROS REINTEGROS,110000,176084.32
0091,91,1,Ayuntamiento de Madrid,https://www.wikidata.org/wiki/Q3773976,3,TASAS Y OTROS INGRESOS,INFRACCIONES URBANÍSTICAS,518094,321349.84
0092,92,1,Ayuntamiento de Madrid,https://www.wikidata.org/wiki/Q3773976,3,TASAS Y OTROS INGRESOS,INFRACCIONES TRIBUTARIAS Y ANÁLOGAS,6101214,3349971.9
0093,93,1,Ayuntamiento de Madrid,https://www.wikidata.org/wiki/Q3773976,3,TASAS Y OTROS INGRESOS,INFRACCIONES ORDENANZA DE CIRCULACIÓN,142628530,7.540528186E7
0094,94,1,Ayuntamiento de Madrid,https://www.wikidata.org/wiki/Q3773976,3,TASAS Y OTROS INGRESOS,MULTAS COERCITIVAS,641025,331649.69
0095,95,1,Ayuntamiento de Madrid,https://www.wikidata.org/wiki/Q3773976,3,TASAS Y OTROS INGRESOS,OTRAS MULTAS Y SANCIONES,2144695,5195606.5
0096,96,1,Ayuntamiento de Madrid,https://www.wikidata.org/wiki/Q3773976,3,TASAS Y OTROS INGRESOS,RECARGO POR EXTEMPORANEIDAD,27062,11678.18
0097,97,1,Ayuntamiento de Madrid,https://www.wikidata.org/wiki/Q3773976,3,TASAS Y OTROS INGRESOS,RECARGO EJECUTIVO,5568953,4271982.18
0098,98,1,Ayuntamiento de Madrid,https://www.wikidata.org/wiki/Q3773976,3,TASAS Y OTROS INGRESOS,RECARGO DE APREMIO,21584538,2.160185013E7
0099,99,1,Ayuntamiento de Madrid,https://www.wikidata.org/wiki/Q3773976,3,TASAS Y OTROS INGRESOS,INTERESES DE DEMORA,21900067,1.457609888E7
0100,100,1,Ayuntamiento de Madrid,https://www.wikidata.org/wiki/Q3773976,3,TASAS Y OTROS INGRESOS,INTERESES DERIV. DE RECUPERAC. DE AYUDAS ILEGALES,0,17593.23
0101,101,1,Ayuntamiento de Madrid,https://www.wikidata.org/wiki/Q3773976,3,TASAS Y OTROS INGRESOS,POLÍGONOS DE COOPERACIÓN,183097.5,242328.74
0102,102,1,Ayuntamiento de Madrid,https://www.wikidata.org/wiki/Q3773976,3,TASAS Y OTROS INGRESOS,INGR.  DE PARTICULARES PARA OBRAS DE URBANIZACIÓN,1207145.49,1710064.73
0103,103,1,Ayuntamiento de Madrid,https://www.wikidata.org/wiki/Q3773976,3,TASAS Y OTROS INGRESOS,OTROS INGRESOS POR APROVECHAMIENTOS URBANISTICOS,5473621,4496414.41
0104,104,1,Ayuntamiento de Madrid,https://www.wikidata.org/wiki/Q3773976,3,TASAS Y OTROS INGRESOS,RECURSOS EVENTUALES,56741,2004061.46
0105,105,1,Ayuntamiento de Madrid,https://www.wikidata.org/wiki/Q3773976,3,TASAS Y OTROS INGRESOS,INGRESOS POR ACCIÓN SUBSIDIARIA,57129.26,1615112.53
0106,106,1,Ayuntamiento de Madrid,https://www.wikidata.org/wiki/Q3773976,3,TASAS Y OTROS INGRESOS,CONSUMOS EDIFICIOS MUNICIPALES,70734,186738.18
0107,107,1,Ayuntamiento de Madrid,https://www.wikidata.org/wiki/Q3773976,3,TASAS Y OTROS INGRESOS,INCAUTACIÓN GARANTÍAS DE CONTRATOS,200000,2695166.99
0108,108,1,Ayuntamiento de Madrid,https://www.wikidata.org/wiki/Q3773976,3,TASAS Y OTROS INGRESOS,IMPORTE ANUNCIOS A CARGO DE PARTICULARES,2352.25,72114.9
0109,109,1,Ayuntamiento de Madrid,https://www.wikidata.org/wiki/Q3773976,3,TASAS Y OTROS INGRESOS,DEPORTES,1115,3641.47
0110,110,1,Ayuntamiento de Madrid,https://www.wikidata.org/wiki/Q3773976,3,TASAS Y OTROS INGRESOS,ACTIVIDADES AL AIRE LIBRE,18300,41178.86
0111,111,1,Ayuntamiento de Madrid,https://www.wikidata.org/wiki/Q3773976,3,TASAS Y OTROS INGRESOS,ESCUELAS INFANTILES,0,38831.62
0112,112,1,Ayuntamiento de Madrid,https://www.wikidata.org/wiki/Q3773976,3,TASAS Y OTROS INGRESOS,COSTAS IMPUESTAS POR EL TEAM,0,250.2
0113,113,1,Ayuntamiento de Madrid,https://www.wikidata.org/wiki/Q3773976,3,TASAS Y OTROS INGRESOS,CONTROL DE CALIDAD,0,428961.03
0114,114,1,Ayuntamiento de Madrid,https://www.wikidata.org/wiki/Q3773976,3,TASAS Y OTROS INGRESOS,SISTEMA DE GESTIÓN DE ENVASES,34711321,3.125253163E7
0115,115,1,Ayuntamiento de Madrid,https://www.wikidata.org/wiki/Q3773976,3,TASAS Y OTROS INGRESOS,SISTEMA GESTIÓN RESIDUOS ELÉCTRICOS Y ELECTRÓNICOS,137502,223999.13
0116,116,1,Ayuntamiento de Madrid,https://www.wikidata.org/wiki/Q3773976,3,TASAS Y OTROS INGRESOS,LIQUIDACIÓN CANON CONTROL DE VERTIDOS,0,0
0117,117,1,Ayuntamiento de Madrid,https://www.wikidata.org/wiki/Q3773976,3,TASAS Y OTROS INGRESOS,INDEMNIZACIONES POR SENTENCIAS JUDICIALES Y SIMILA,0,66420.08
0118,118,1,Ayuntamiento de Madrid,https://www.wikidata.org/wiki/Q3773976,3,TASAS Y OTROS INGRESOS,EMBARGOS Y/O COMPENSACIONES RECAUDACIÓN EJECUTIVA,121096,72864.67
0119,119,1,Ayuntamiento de Madrid,https://www.wikidata.org/wiki/Q3773976,3,TASAS Y OTROS INGRESOS,DAÑOS Y PERJUICIOS. OBLIGACIONES CONTRACTUALES,0,2011439.59
0120,120,1,Ayuntamiento de Madrid,https://www.wikidata.org/wiki/Q3773976,3,TASAS Y OTROS INGRESOS,OTROS INGRESOS DIVERSOS,3879881,1727734.98
0121,121,1,Ayuntamiento de Madrid,https://www.wikidata.org/wiki/Q3773976,4,TRANSFERENCIAS CORRIENTES,FONDO COMPLEMENTARIO DE FINANCIACIÓN,1455532446,1420716481
0122,122,1,Ayuntamiento de Madrid,https://www.wikidata.org/wiki/Q3773976,4,TRANSFERENCIAS CORRIENTES,COMPENSACIÓN POR BENEFICIOS FISCALES,716530,1301692.35
0123,123,1,Ayuntamiento de Madrid,https://www.wikidata.org/wiki/Q3773976,4,TRANSFERENCIAS CORRIENTES,PACTO DE ESTADO CONTRA LA VIOLENCIA DE GÉNERO,1178702.36,1178702.36
0124,124,1,Ayuntamiento de Madrid,https://www.wikidata.org/wiki/Q3773976,4,TRANSFERENCIAS CORRIENTES,OTRAS TRANSFERENCIAS DE LA A.GRAL. DEL ESTADO,0,121181.7
0125,125,1,Ayuntamiento de Madrid,https://www.wikidata.org/wiki/Q3773976,4,TRANSFERENCIAS CORRIENTES,DEL INSTITUTO NACIONAL DE ESTADÍSTICA (INE),32000,33758.36
0126,126,1,Ayuntamiento de Madrid,https://www.wikidata.org/wiki/Q3773976,4,TRANSFERENCIAS CORRIENTES,DEL INSTITUTO NACIONAL DEL CONSUMO,0,54703.75
0127,127,1,Ayuntamiento de Madrid,https://www.wikidata.org/wiki/Q3773976,4,TRANSFERENCIAS CORRIENTES,DE LA S.E. LOTERÍAS Y APUESTAS DEL ESTADO,350000,350000
0128,128,1,Ayuntamiento de Madrid,https://www.wikidata.org/wiki/Q3773976,4,TRANSFERENCIAS CORRIENTES,C. MADRID - ATENCIÓN DEPENDENCIA Y OTROS PROGRAMAS,72941443,3.645820663E7
0129,129,1,Ayuntamiento de Madrid,https://www.wikidata.org/wiki/Q3773976,4,TRANSFERENCIAS CORRIENTES,COMUNIDAD DE MADRID - ATENCIÓN PERSONAS SIN HOGAR,250000,0
0130,130,1,Ayuntamiento de Madrid,https://www.wikidata.org/wiki/Q3773976,4,TRANSFERENCIAS CORRIENTES,COM.  DE MADRID - EDUCACIÓN. ABSENTISMO ESCOLAR,400000,0
0131,131,1,Ayuntamiento de Madrid,https://www.wikidata.org/wiki/Q3773976,4,TRANSFERENCIAS CORRIENTES,COM.  DE MADRID - CENTRO OCUPACIONAL VILLAVERDE,1035740,1015792.68
0132,132,1,Ayuntamiento de Madrid,https://www.wikidata.org/wiki/Q3773976,4,TRANSFERENCIAS CORRIENTES,OTROS CONVENIOS DE LA COMUNIDAD DE MADRID,600000,151683.92
0133,133,1,Ayuntamiento de Madrid,https://www.wikidata.org/wiki/Q3773976,4,TRANSFERENCIAS CORRIENTES,C. DE MADRID - ERRADICACIÓN VIOLENCIA DE GÉNERO,428889,354978.22
0134,134,1,Ayuntamiento de Madrid,https://www.wikidata.org/wiki/Q3773976,4,TRANSFERENCIAS CORRIENTES,OTRAS SUBVENCIONES DE LA COMUNIDAD DE MADRID,192489.05,-11312.19
0135,135,1,Ayuntamiento de Madrid,https://www.wikidata.org/wiki/Q3773976,4,TRANSFERENCIAS CORRIENTES,OTRAS SUBV. DE OO.AA. Y AGENCIAS DE LA C.DE MADRID,210000,0
0136,136,1,Ayuntamiento de Madrid,https://www.wikidata.org/wiki/Q3773976,4,TRANSFERENCIAS CORRIENTES,FORO DE EMPRESAS,875000,630000
0137,137,1,Ayuntamiento de Madrid,https://www.wikidata.org/wiki/Q3773976,4,TRANSFERENCIAS CORRIENTES,OTRAS TRANSFERENCIAS DE EMPRESAS PRIVADAS,0,210
0138,138,1,Ayuntamiento de Madrid,https://www.wikidata.org/wiki/Q3773976,4,TRANSFERENCIAS CORRIENTES,DE LA FUNDACIÓN ESPECIAL CAJAMADRID,15000,35000
0139,139,1,Ayuntamiento de Madrid,https://www.wikidata.org/wiki/Q3773976,4,TRANSFERENCIAS CORRIENTES,DEL FONDO EUROPEO DE DESARROLLO REGIONAL (FEDER),6329.91,0
0140,140,1,Ayuntamiento de Madrid,https://www.wikidata.org/wiki/Q3773976,4,TRANSFERENCIAS CORRIENTES,OTRAS TRANSFERENCIAS DE LA UNIÓN EUROPEA,390645.08,492448.47
0141,141,1,Ayuntamiento de Madrid,https://www.wikidata.org/wiki/Q3773976,4,TRANSFERENCIAS CORRIENTES,DE OTROS PROGRAMAS DE LA UNIÓN EUROPEA,22663,691292.62
0142,142,1,Ayuntamiento de Madrid,https://www.wikidata.org/wiki/Q3773976,5,INGRESOS PATRIMONIALES,DE SOCIEDADES Y ENTIDADES DEPENDIENTES DEL AYTO.,42615777,4.31136966E7
0143,143,1,Ayuntamiento de Madrid,https://www.wikidata.org/wiki/Q3773976,5,INGRESOS PATRIMONIALES,SOC. Y ENTID. NO DEPENDIENTES DE LAS ENTID LOCALES,12000000,0
0144,144,1,Ayuntamiento de Madrid,https://www.wikidata.org/wiki/Q3773976,5,INGRESOS PATRIMONIALES,ARRENDAMIENTO DE INMUEBLES URBANOS,79782,88751.78
0145,145,1,Ayuntamiento de Madrid,https://www.wikidata.org/wiki/Q3773976,5,INGRESOS PATRIMONIALES,CANON VERTEDERO VALDEMINGÓMEZ,40258,-426841.22
0146,146,1,Ayuntamiento de Madrid,https://www.wikidata.org/wiki/Q3773976,5,INGRESOS PATRIMONIALES,CANON APARCAMIENTOS,3224660,4625006.72
0147,147,1,Ayuntamiento de Madrid,https://www.wikidata.org/wiki/Q3773976,5,INGRESOS PATRIMONIALES,CANON PARQUE DE ATRACCIONES,345582,266697.09
0148,148,1,Ayuntamiento de Madrid,https://www.wikidata.org/wiki/Q3773976,5,INGRESOS PATRIMONIALES,CANON PARQUE ZOOLÓGICO,25000,18750
0149,149,1,Ayuntamiento de Madrid,https://www.wikidata.org/wiki/Q3773976,5,INGRESOS PATRIMONIALES,CANON CASA CONTRABANDISTAS,903000,886649.99
0150,150,1,Ayuntamiento de Madrid,https://www.wikidata.org/wiki/Q3773976,5,INGRESOS PATRIMONIALES,CANON QUIOSCOS PARQUES Y JARDINES,1819299,1071912.39
0151,151,1,Ayuntamiento de Madrid,https://www.wikidata.org/wiki/Q3773976,5,INGRESOS PATRIMONIALES,CANON CASETAS CLAUDIO MOYANO,14921,24861.45
0152,152,1,Ayuntamiento de Madrid,https://www.wikidata.org/wiki/Q3773976,5,INGRESOS PATRIMONIALES,CANON M-30,644164,638479.09
0153,153,1,Ayuntamiento de Madrid,https://www.wikidata.org/wiki/Q3773976,5,INGRESOS PATRIMONIALES,CANON PALACIO DE HIELO,342156,87863.5
0154,154,1,Ayuntamiento de Madrid,https://www.wikidata.org/wiki/Q3773976,5,INGRESOS PATRIMONIALES,CANON RESTAURANTE PLATAFORMA PUENTE DEL REY,95325,47662.56
0155,155,1,Ayuntamiento de Madrid,https://www.wikidata.org/wiki/Q3773976,5,INGRESOS PATRIMONIALES,CANON UTILIZACIÓN DEL SUELO,138957,179534.29
0156,156,1,Ayuntamiento de Madrid,https://www.wikidata.org/wiki/Q3773976,5,INGRESOS PATRIMONIALES,CANON LOCALES COMERCIALES EN APARCAMIENTOS,6500,6727.02
0157,157,1,Ayuntamiento de Madrid,https://www.wikidata.org/wiki/Q3773976,5,INGRESOS PATRIMONIALES,CANON INSTALACIONES DEPORTIVAS DISTRITOS,827839,1071373.98
0158,158,1,Ayuntamiento de Madrid,https://www.wikidata.org/wiki/Q3773976,5,INGRESOS PATRIMONIALES,CANON OTRAS INSTALACIONES DISTRITOS,86846,56666.22
0159,159,1,Ayuntamiento de Madrid,https://www.wikidata.org/wiki/Q3773976,5,INGRESOS PATRIMONIALES,CANON MERCADOS DISTRITO Y CENTROS COMERCIALES,980000,949499.53
0160,160,1,Ayuntamiento de Madrid,https://www.wikidata.org/wiki/Q3773976,5,INGRESOS PATRIMONIALES,CANON COLUMNAS INFORMATIVAS,13626400,1.476539361E7
0161,161,1,Ayuntamiento de Madrid,https://www.wikidata.org/wiki/Q3773976,5,INGRESOS PATRIMONIALES,CANON ESTACIÓN TRANSPORTES MERCANCÍAS,371000,371097.46
0162,162,1,Ayuntamiento de Madrid,https://www.wikidata.org/wiki/Q3773976,5,INGRESOS PATRIMONIALES,CANON ESTACIÓN SUR DE AUTOBUSES,164352,168735.3
0163,163,1,Ayuntamiento de Madrid,https://www.wikidata.org/wiki/Q3773976,5,INGRESOS PATRIMONIALES,CANON TRANSPORTE TURÍSTICO EN MADRID,4132305,4136027.56
0164,164,1,Ayuntamiento de Madrid,https://www.wikidata.org/wiki/Q3773976,5,INGRESOS PATRIMONIALES,CANON QUIOSCOS DE LOTERÍAS,17016,20901.76
0165,165,1,Ayuntamiento de Madrid,https://www.wikidata.org/wiki/Q3773976,5,INGRESOS PATRIMONIALES,CANON QUIOSCOS DE PRENSA Y TABACOS,441390,307583.82
0166,166,1,Ayuntamiento de Madrid,https://www.wikidata.org/wiki/Q3773976,5,INGRESOS PATRIMONIALES,CANON CAFETERIAS Y QUIOSCOS EN INST. DEPORTIVAS,30102,55872.92
0167,167,1,Ayuntamiento de Madrid,https://www.wikidata.org/wiki/Q3773976,5,INGRESOS PATRIMONIALES,CANON MÁQUINAS VENDING EN INST.MUNICIPALES,117613,188231
0168,168,1,Ayuntamiento de Madrid,https://www.wikidata.org/wiki/Q3773976,5,INGRESOS PATRIMONIALES,APARCAMIENTO Mº JUSTICIA PZA.VILLA PARIS,501263,501263
0169,169,1,Ayuntamiento de Madrid,https://www.wikidata.org/wiki/Q3773976,5,INGRESOS PATRIMONIALES,CANON HOTEL CASA DE LA CARNICERÍA,420000,58684.68
0170,170,1,Ayuntamiento de Madrid,https://www.wikidata.org/wiki/Q3773976,5,INGRESOS PATRIMONIALES,CANON GESTIÓN RECOGIDA ROPA USADA,1459375,786153.15
0171,171,1,Ayuntamiento de Madrid,https://www.wikidata.org/wiki/Q3773976,5,INGRESOS PATRIMONIALES,CANON RECOGIDA Y GESTIÓN DEL ACEITE VEGETAL USADO,50000,45230.25
0172,172,1,Ayuntamiento de Madrid,https://www.wikidata.org/wiki/Q3773976,5,INGRESOS PATRIMONIALES,CANON PALACIO MUNICIPAL DE CONGRESOS,400000,400000
0173,173,1,Ayuntamiento de Madrid,https://www.wikidata.org/wiki/Q3773976,5,INGRESOS PATRIMONIALES,CANON PERIÓDICO POR OTRAS CONCESIONES,105152,28969.23
0174,174,1,Ayuntamiento de Madrid,https://www.wikidata.org/wiki/Q3773976,5,INGRESOS PATRIMONIALES,CANON MERCADILLOS OCASIONALES Y OTRAS INSTALAC.,6000,174224.27
0175,175,1,Ayuntamiento de Madrid,https://www.wikidata.org/wiki/Q3773976,5,INGRESOS PATRIMONIALES,CANON INICIAL PALACIO MUNICIPAL DE CONGRESOS,1500000,1500000
0176,176,1,Ayuntamiento de Madrid,https://www.wikidata.org/wiki/Q3773976,5,INGRESOS PATRIMONIALES,CANON NO PERIÓDICO POR OTRAS CONCESIONES,10883,0
0177,177,1,Ayuntamiento de Madrid,https://www.wikidata.org/wiki/Q3773976,5,INGRESOS PATRIMONIALES,DERECHO DE SUPERFICIE CON CONTRAPREST. PERIÓDICA,6182951,5914272.66
0178,178,1,Ayuntamiento de Madrid,https://www.wikidata.org/wiki/Q3773976,5,INGRESOS PATRIMONIALES,DERECHO DE SUPERFICIE CON CONTRAP. NO PERIÓDICA,4773730,3514434.27
0179,179,1,Ayuntamiento de Madrid,https://www.wikidata.org/wiki/Q3773976,5,INGRESOS PATRIMONIALES,APROVECHAMIENTOS ESPECIALES,70737,1117045.56
0180,180,1,Ayuntamiento de Madrid,https://www.wikidata.org/wiki/Q3773976,5,INGRESOS PATRIMONIALES,OTROS INGRESOS PATRIMONIALES,715168,54572.76
0181,181,1,Ayuntamiento de Madrid,https://www.wikidata.org/wiki/Q3773976,6,ENAJENACIÓN DE INVERSIONES REALES,VENTA DE PARCELAS,12016057,1.316922927E7
0182,182,1,Ayuntamiento de Madrid,https://www.wikidata.org/wiki/Q3773976,6,ENAJENACIÓN DE INVERSIONES REALES,SUELO CEDIDO EN DERECHO DE SUPERFICIE,0,166524.76
0183,183,1,Ayuntamiento de Madrid,https://www.wikidata.org/wiki/Q3773976,6,ENAJENACIÓN DE INVERSIONES REALES,REINTEGROS DE PAGOS DE EJERCICIOS CERRADOS,0,9911545.68
0184,184,1,Ayuntamiento de Madrid,https://www.wikidata.org/wiki/Q3773976,7,TRANSFERENCIAS DE CAPITAL,DE ORGANISMOS AUTÓNOMOS DEL AYUNTAMIENTO DE MADRID,600000,100000
0185,185,1,Ayuntamiento de Madrid,https://www.wikidata.org/wiki/Q3773976,7,TRANSFERENCIAS DE CAPITAL,TRANSFERENCIAS EN CUMPLIMIENTO DE CONVENIOS,300000,584000
0186,186,1,Ayuntamiento de Madrid,https://www.wikidata.org/wiki/Q3773976,7,TRANSFERENCIAS DE CAPITAL,OTRAS TRANSFERENCIAS DEL FEDER,604941.87,0
0187,187,1,Ayuntamiento de Madrid,https://www.wikidata.org/wiki/Q3773976,7,TRANSFERENCIAS DE CAPITAL,PROGRAMA LIFE-SURE,0,32799.23
0188,188,1,Ayuntamiento de Madrid,https://www.wikidata.org/wiki/Q3773976,8,ACTIVOS FINANCIEROS,PARA GASTOS GENERALES,1159220055,0
0189,189,1,Ayuntamiento de Madrid,https://www.wikidata.org/wiki/Q3773976,8,ACTIVOS FINANCIEROS,PARA GASTOS CON FINANCIACIÓN AFECTADA,2.06189812E7,0
0190,190,501,INFORMÁTICA DEL AYUNTAMIENTO DE MADRID,,3,TASAS Y OTROS INGRESOS,VENTA DE EFECTOS INÚTILES,5000,4496.8
0191,191,501,INFORMÁTICA DEL AYUNTAMIENTO DE MADRID,,3,TASAS Y OTROS INGRESOS,PAGOS DE  EJERCICIOS ANTERIORES,52000,151267.93
0192,192,501,INFORMÁTICA DEL AYUNTAMIENTO DE MADRID,,3,TASAS Y OTROS INGRESOS,IMPORTE ANUNCIOS A CARGO DE PARTICULARES,0,750.78
0193,193,501,INFORMÁTICA DEL AYUNTAMIENTO DE MADRID,,4,TRANSFERENCIAS CORRIENTES,DE LA ADM. GRAL. DEL AYUNTAMIENTO DE MADRID,8.34306313E7,6.831218006E7
0194,194,501,INFORMÁTICA DEL AYUNTAMIENTO DE MADRID,,4,TRANSFERENCIAS CORRIENTES,DE UNIVERSIDADES PÚBLICAS,0,24794.51
0195,195,501,INFORMÁTICA DEL AYUNTAMIENTO DE MADRID,,7,TRANSFERENCIAS DE CAPITAL,DE LA ADMINISTRACIÓN GENERAL AYUNTAMIENTO MADRID,12371624,3206286.37
0196,196,501,INFORMÁTICA DEL AYUNTAMIENTO DE MADRID,,8,ACTIVOS FINANCIEROS,PARA GASTOS GENERALES,1138245.69,0
0197,197,503,AGENCIA PARA EL EMPLEO DE MADRID,,3,TASAS Y OTROS INGRESOS,PAGOS DE  EJERCICIOS ANTERIORES,0,14447.77
0198,198,503,AGENCIA PARA EL EMPLEO DE MADRID,,3,TASAS Y OTROS INGRESOS,INTERESES DE DEMORA,0,240.65
0199,199,503,AGENCIA PARA EL EMPLEO DE MADRID,,3,TASAS Y OTROS INGRESOS,INDEMNIZACIONES DE SEGUROS DE NO VIDA,0,6745.02
0200,200,503,AGENCIA PARA EL EMPLEO DE MADRID,,3,TASAS Y OTROS INGRESOS,OTROS INGRESOS DIVERSOS,0,222.58
0201,201,503,AGENCIA PARA EL EMPLEO DE MADRID,,4,TRANSFERENCIAS CORRIENTES,DE LA ADM. GRAL. DEL AYUNTAMIENTO DE MADRID,37275379,2.447306675E7
0202,202,503,AGENCIA PARA EL EMPLEO DE MADRID,,4,TRANSFERENCIAS CORRIENTES,C. DE MADRID. FORMACIÓN PROFESIONAL PARA EL EMPLEO,0,-40438.47
0203,203,503,AGENCIA PARA EL EMPLEO DE MADRID,,4,TRANSFERENCIAS CORRIENTES,C. DE MADRID. PROGRAMAS DE EMPLEO,1.67089322E7,1.439059434E7
0204,204,503,AGENCIA PARA EL EMPLEO DE MADRID,,4,TRANSFERENCIAS CORRIENTES,DE OTROS PROGRAMAS DE LA UNIÓN EUROPEA,115040.49,137001.46
0205,205,503,AGENCIA PARA EL EMPLEO DE MADRID,,5,INGRESOS PATRIMONIALES,CANON MÁQUINAS VENDING EN INST.MUNICIPALES,4786,9572
0206,206,503,AGENCIA PARA EL EMPLEO DE MADRID,,7,TRANSFERENCIAS DE CAPITAL,DE LA ADMINISTRACIÓN GENERAL AYUNTAMIENTO MADRID,376398,0
0207,207,503,AGENCIA PARA EL EMPLEO DE MADRID,,8,ACTIVOS FINANCIEROS,PARA GASTOS CON FINANCIACIÓN AFECTADA,8827247.53,0
0208,208,506,AGENCIA TRIBUTARIA  MADRID,,3,TASAS Y OTROS INGRESOS,"COPIAS, FOTOCOPIAS Y FOTOGRAFÍAS",2000,2770.81
0209,209,506,AGENCIA TRIBUTARIA  MADRID,,3,TASAS Y OTROS INGRESOS,PAGOS DE  EJERCICIOS ANTERIORES,0,46530.13
0210,210,506,AGENCIA TRIBUTARIA  MADRID,,3,TASAS Y OTROS INGRESOS,OTRAS MULTAS Y SANCIONES,0,7155.5
0211,211,506,AGENCIA TRIBUTARIA  MADRID,,3,TASAS Y OTROS INGRESOS,INDEMNIZACIONES DE SEGUROS DE NO VIDA,0,169.4
0212,212,506,AGENCIA TRIBUTARIA  MADRID,,3,TASAS Y OTROS INGRESOS,OTROS INGRESOS DIVERSOS,0,397345.55
0213,213,506,AGENCIA TRIBUTARIA  MADRID,,4,TRANSFERENCIAS CORRIENTES,DE LA ADM. GRAL. DEL AYUNTAMIENTO DE MADRID,58216739,5.221965409E7
0214,214,506,AGENCIA TRIBUTARIA  MADRID,,5,INGRESOS PATRIMONIALES,CANON MÁQUINAS VENDING EN INST.MUNICIPALES,6655,5935.66
0215,215,506,AGENCIA TRIBUTARIA  MADRID,,7,TRANSFERENCIAS DE CAPITAL,DE LA ADMINISTRACIÓN GENERAL AYUNTAMIENTO MADRID,123800,0
0216,216,508,Madrid Salud,https://www.wikidata.org/wiki/Q5989438,3,TASAS Y OTROS INGRESOS,PAGOS DE  EJERCICIOS ANTERIORES,0,14556.6
0217,217,508,Madrid Salud,https://www.wikidata.org/wiki/Q5989438,3,TASAS Y OTROS INGRESOS,OTROS INGRESOS DIVERSOS,0,1090.51
0218,218,508,Madrid Salud,https://www.wikidata.org/wiki/Q5989438,4,TRANSFERENCIAS CORRIENTES,DE LA ADM. GRAL. DEL AYUNTAMIENTO DE MADRID,8.651147631E7,7.738129575E7
0219,219,508,Madrid Salud,https://www.wikidata.org/wiki/Q5989438,7,TRANSFERENCIAS DE CAPITAL,DE LA ADMINISTRACIÓN GENERAL AYUNTAMIENTO MADRID,1820770,1433150
0220,220,508,Madrid Salud,https://www.wikidata.org/wiki/Q5989438,8,ACTIVOS FINANCIEROS,PARA GASTOS CON FINANCIACIÓN AFECTADA,427991.44,0
0221,221,509,AGENCIA DE ACTIVIDADES,,4,TRANSFERENCIAS CORRIENTES,DE LA ADM. GRAL. DEL AYUNTAMIENTO DE MADRID,14130385,1.30264975E7
0222,222,902,CONSOR. PLAN REHAB.EQUIP.TEATROS MADRID,,7,TRANSFERENCIAS DE CAPITAL,DE LA ADMINISTRACIÓN GENERAL AYUNTAMIENTO MADRID,125000,125000
0223,223,902,CONSOR. PLAN REHAB.EQUIP.TEATROS MADRID,,7,TRANSFERENCIAS DE CAPITAL,DE OTROS ORGANISMOS AUTÓNOMOS Y AGENCIAS,125000,125000
0224,224,902,CONSOR. PLAN REHAB.EQUIP.TEATROS MADRID,,7,TRANSFERENCIAS DE CAPITAL,OTRAS TRANSFERENCIAS DE LA COMUNIDAD DE MADRID,125000,0
0225,225,902,CONSOR. PLAN REHAB.EQUIP.TEATROS MADRID,,8,ACTIVOS FINANCIEROS,PARA GASTOS CON FINANCIACIÓN AFECTADA,680233.14,0
