contract-number,award-date,expiry-date,gsin,gsin-description_en,supplier-legal-name,supplier-address-city,supplier-address-prov-state,supplier-address-postal-code,supplier-address-country,organization-employee-count_en,total-contract-value,end-user-entity_en,contracting-entity-office-name_en,contracting-address-city,contracting-address-prov-state,contracting-address-postal-code,contracting-address-country
EZ897-200378-001-PWY,2019-07-15T00:00:00Z,2019-12-31T00:00:00Z,E199D,Environmental Services',16142 Yukon Inc.',Watson Lake',Yukon,Y0A1C0,Canada,10 to 19 employees',172891.0,Public Works and Government Services Canada',ENVIRONMENTAL SERVICES',Vancouver,British Columbia',V6Z0B9,Canada
E60ZT-18TSPS-086-ZT,2019-05-21T00:00:00Z,2021-05-31T00:00:00Z,R019BF,Human Resource Services,Business Consulting-Change Management; Project Management Services',Conseillers en Management Marcon Inc.',Montreal,Quebec,H2Z1B1,Canada,10 to 19 employees',0.0,Public Works and Government Services Canada',PROF SERV-BUSINESS INITIATIVES',Gatineau,Quebec,K1A0S5,Canada
EN578-201168-003-LS,2020-02-11T00:00:00Z,2025-03-31T00:00:00Z,R103A,Courier Service',PINNACLE TRANSPORT LTD.',Scarborough,Ontario,M1V4A9,Canada,100 to 199 employees',0.0,Public Works and Government Services Canada',BUSINESS MANAGEMENT DIR.',Gatineau,Quebec,K1A0H4,Canada
W8486-184162-001-HL,2019-04-24T00:00:00Z,2023-05-31T00:00:00Z,N4520,Space and Water Heating Equipment',Canadian Airmotive Limited',Ottawa,Ontario,K1V1C1,Canada,5 to 9 employees',1700000.0,Department of National Defence',NDHQ DGLEPM',Ottawa,Ontario,K1A0K2,Canada
EW478-173162-050-STN,2019-05-31T00:00:00Z,2020-05-31T00:00:00Z,R201AA,Temporary Help Services,General Office Support',THE AIM GROUP INC.',Calgary,Alberta,T2X1M2,Canada,5 to 9 employees',0.0,Public Works and Government Services Canada',CALGARY DISTRICT OFFICE',Calgary,Alberta,T2P3M3,Canada
W0139-16EME6-001-OLZ,2019-09-25T00:00:00Z,2020-01-15T00:00:00Z,JX2355,Combat,Assault,and Tactical Vehicles,Wheeled - Repair',Colonial Garage & Distributors Limited',St. John's',Newfoundland and Labrador',A1C5K4,Canada,50 to 99 employees',385200.0,Department of National Defence',CFS STJOHNS ATTN COMPTROLLER',St Johns',Newfoundland and Labrador',A1C6B5,Canada
EN578-170432-203-EI,2019-08-13T00:00:00Z,2100-01-31T00:00:00Z,D302A,Informatics Professional Services',NEOSOFT TECHNOLOGIES INC',Quebec,Quebec,G3K2P6,Canada,1 to 4 employees',0.0,Public Works and Government Services Canada',BUSINESS MANAGEMENT DIR.',Gatineau,Quebec,K1A0H4,Canada
6D059-193831-001-WPG,2020-02-03T00:00:00Z,2021-03-31T00:00:00Z,N6640,Laboratory Equipment and Supplies',HYGIENA CANADA LTD',Mississauga,Ontario,L5N6M5,Canada,5 to 9 employees',50850.0,Public Health Agency of Canada',LF2,Guelph,Ontario,N1G3W4,Canada
EN578-170432-247-EI,2019-08-13T00:00:00Z,2100-01-31T00:00:00Z,D302A,Informatics Professional Services',Robertson & Company Ltd.',Ottawa,Ontario,K1P5J6,Canada,200 to 499 employees',0.0,Public Works and Government Services Canada',BUSINESS MANAGEMENT DIR.',Gatineau,Quebec,K1A0H4,Canada
W0142-15SO93-001-EDM,2020-02-17T00:00:00Z,2021-01-31T00:00:00Z,N6830P,GAS,NATURAL,COMPRESSED',Forty Mile Gas Co-op Ltd.',Dunmore,Alberta,T1B0K9,Canada,10 to 19 employees',1175000.0,Department of National Defence',BASE COMPTROLLER CFB SUFFIELD',Medicine Hat',Alberta,T1A8K8,Canada
W0142-18RP03-001-STN,2019-06-28T00:00:00Z,2020-12-31T00:00:00Z,N6680H,REGULATOR,PRESSURE,GAS',WESTERN WATER AND GAS PRODUCTS LTD',Surrey,British Columbia',V3W1B3,Canada,5 to 9 employees',54992.0,Department of National Defence',BASE COMPTROLLER CFB SUFFIELD',Medicine Hat',Alberta,T1A8K8,Canada
EZ899-192528-001-TPV,2019-06-19T00:00:00Z,2020-03-31T00:00:00Z,C122A,Architectural & Engineering Services - Highways,Roads,Railways,Bridges and Dams',Tetra Tech Canada Inc.',Edmonton,Alberta,T5V1B4,Canada,1000 to 1499 employees',732429.0,Public Works and Government Services Canada',P&T SERVS PRJCT MGNT',Vancouver,British Columbia',V6Z0B9,Canada
47419-194856-001-XL,2020-02-04T00:00:00Z,2019-04-01T00:00:00Z,N7030,ADP Software',CaseWare IDEA Inc',Ottawa,Ontario,K1K4H4,Canada,200 to 499 employees',115169.0,Canada Border Services Agency',NATL INVOICE RECEPTION UNIT',Montreal,Quebec,H2Y2E7,Canada
W8484-199333-001-XL,2019-09-30T00:00:00Z,2019-11-01T00:00:00Z,N7030,ADP Software',SAP Canada Inc.',Toronto,Ontario,M5K1B7,Canada,2500 to 4999 employees',752282.0,Department of National Defence',NDHQ,Ottawa,Ontario,K1A0K2,Canada
E0225-152224-001-HAL,2019-04-17T00:00:00Z,2018-06-17T00:00:00Z,D316B,Telecommunications Network Services',Atlantic Geomatics Research Incorporated',Sydney,Nova Scotia',B1P6J7,Canada,20 to 49 employees',995775.0,Public Works and Government Services Canada',REGIONAL DIRECTOR CORP.SERVS',Halifax,Nova Scotia',B3J3C9,Canada
EP076-201692-002-PQ,2019-12-10T00:00:00Z,2029-12-10T00:00:00Z,N7110,Office Furniture',ABI-Advanced Business Interiors Inc.',Ottawa,Ontario,K1G4L2,Canada,100 to 199 employees',64798.0,Public Works and Government Services Canada',NCSU ND CSU #1 RPT4',Ottawa,Ontario,K1A0S5,Canada
W3048-20KF85-001-KIN,2019-12-04T00:00:00Z,2020-11-30T00:00:00Z,N7350,Tableware,Findlay Foods (Kingston) Ltd.',Kingston,Ontario,K7M0C7,Canada,20 to 49 employees',56500.0,Department of National Defence',NDHQ DWYER HILL TRAINING CTRE',Richmond,Ontario,K0A2Z0,Canada
M7594-202883-001-EE,2020-01-08T00:00:00Z,2021-01-07T00:00:00Z,N7030,ADP Software',ESRI Canada Limited.',Ottawa,Ontario,K1Z1G3,Canada,200 to 499 employees',58071.0,Royal Canadian Mounted Police',HQ PROCURE.&CONTRACT.SERVS',Ottawa,Ontario,K1A0R2,Canada
EP597-141009-001-EEM,2019-06-27T00:00:00Z,2015-04-13T00:00:00Z,N7030,ADP Software',HootSuite Media Inc.',Vancouver,British Columbia',V5T1R6,Canada,200 to 499 employees',7069705.0,Public Works and Government Services Canada',SSI-DIR. GENERAL'S OFFICE(DGO)',Ottawa,Ontario,K1A0S5,Canada
E60ZT-18TSSO-159-ZT,2019-04-16T00:00:00Z,2021-05-31T00:00:00Z,R019BF,Human Resource Services,Business Consulting-Change Management; Project Management Services',Optimus SBR Inc.',Toronto,Ontario,M5E1G4,Canada,100 to 199 employees',0.0,Public Works and Government Services Canada',PROF SERV-BUSINESS INITIATIVES',Gatineau,Quebec,K1A0S5,Canada
9F063-180462-003-MTB,2019-06-26T00:00:00Z,2019-11-30T00:00:00Z,AR910400,Astronautics (R&D)',Photon etc. Inc.',Montreal,Quebec,H2S2X3,Canada,20 to 49 employees',112781.0,Canadian Space Agency',INDUSTRIAL DEVELOPMENT',St Hubert',Quebec,J3Y8Y9,Canada
H1180-183032-013-CZ,2019-04-03T00:00:00Z,2019-06-30T00:00:00Z,T003AD,Strategic and -or Media Planning Services',Cossette Communication Inc.',Quebec,Quebec,G1K7R1,Canada,500 to 999 employees',5622.0,Health Canada',PUBLIC HEALTH - COMMS & PABRNC',Ottawa,Ontario,K1A0K9,Canada
A0318-144252-001-ZG,2020-03-11T00:00:00Z,2021-03-31T00:00:00Z,R199X,Adjudication Services',Rodger W. Linka Legal Professional Corporation',Regina,Saskatchewan,S4N0P8,Canada,1 to 4 employees',1841860.0,Aboriginal Affairs & Northern Development Canada',CHIEF ADJUDICATOR'S OFFICE',Regina,Saskatchewan,S4P0M3,Canada
EH900-091823-001-FE,2019-06-26T00:00:00Z,2020-12-31T00:00:00Z,C219D,Other Architectural and Engineering Services - Real Property',Hatch Ltd',Niagara Falls',Ontario,L2E7J7,Canada,5000 employees and over',781699.0,Public Works and Government Services Canada',N/A,Gatineau,Quebec,K1A0M3,Canada
F2934-190252-001-EE,2019-10-18T00:00:00Z,2020-10-31T00:00:00Z,N7030,ADP Software',ESRI Canada Limited',Toronto,Ontario,M3C3R8,Canada,200 to 499 employees',930234.0,Fisheries and Oceans Canada',INFORMATICS,Ottawa,Ontario,K1A0E6,Canada
A0318-144330-001-ZG,2019-05-30T00:00:00Z,2021-03-31T00:00:00Z,R199X,Adjudication Services',Pamela Reilly',Winnipeg,Manitoba,R3L2C4,Canada,1 to 4 employees',626637.0,Aboriginal Affairs & Northern Development Canada',CHIEF ADJUDICATOR'S OFFICE',Regina,Saskatchewan,S4P0M3,Canada
EN579-191835-001-SC,2019-05-02T00:00:00Z,2019-07-26T00:00:00Z,AJ212516,Communications Network Software (R&D)',Komutel inc.',St-georges,Quebec,G5Y0R4,Canada,20 to 49 employees',493212.0,Public Works and Government Services Canada',CDN INNOVAT'N COMMERCIAL-CICP',Hull,Quebec,K1A0S5,Canada
EQ754-161519-007-PWL,2019-05-21T00:00:00Z,2019-09-02T00:00:00Z,C119A,Architectual Services - Buildings',COLE & Associates Architects Inc',Ottawa,Ontario,K2A4C4,Canada,10 to 19 employees',0.0,Public Works and Government Services Canada',ONT PTS PROJECT MGT',Toronto,Ontario,M2N6A6,Canada
F4758-190016-001-MCT,2019-12-13T00:00:00Z,2020-03-31T00:00:00Z,N4320H,Pumps,Submersible or Floating',Xylem Canada Company',Toronto,Ontario,M5W1C1,Canada,200 to 499 employees',56971.0,Fisheries and Oceans Canada',OCEANS & SCIENCE BRANCH',Moncton,New Brunswick',E1C9B6,Canada
W0107-18M001-001-PET,2020-03-10T00:00:00Z,2021-03-31T00:00:00Z,R019BF,Human Resource Services,Business Consulting-Change Management; Project Management Services',Valcom Consulting Group Inc.',Ottawa,Ontario,K1P6A4,Canada,200 to 499 employees',1088190.0,Department of National Defence',CFB PETAWAWA,2 SVC BATALLION',Petawawa,Ontario,K8H2X3,Canada
EZ156-170001-020-VAN,2019-05-16T00:00:00Z,2020-05-31T00:00:00Z,R201AA,Temporary Help Services,General Office Support',Manpower Services Canada Limited',Toronto,Ontario,M2N6K1,Canada,200 to 499 employees',0.0,Public Works and Government Services Canada',COMMERCIAL&TECHNICAL ACQ.',Vancouver,British Columbia',V6Z2V8,Canada
ET959-173053-011-WPG,2019-05-24T00:00:00Z,2020-05-31T00:00:00Z,R201BA,Temporary Help Services - Professional and Technical',West-Can Human Resource Solutions Inc',Brandon,Manitoba,R7A0P6,Canada,5 to 9 employees',140000.0,Public Works and Government Services Canada',MGR COMMERCIAL ACQUISITIONS',Winnipeg,Manitoba,R3B0T6,Canada
W7719-185422-001-KIN,2019-10-18T00:00:00Z,2019-11-15T00:00:00Z,N7030,ADP Software',MAK Technologies,Inc.',Cambridge,Massachusetts,2140,United States',50 to 99 employees',28818.0,Department of National Defence',DEFENCE R&D CANADA TORONTO',Toronto,Ontario,M3K2C9,Canada
W0134-17R004-001-EDM,2019-12-23T00:00:00Z,2020-03-31T00:00:00Z,N8920C,Groceries,Miscellaneous (replaced by gsin N8920ZC)',Stanton Group Ltd.',Inuvik,Northwest Territories',X0E0T0,Canada,20 to 49 employees',315000.0,Department of National Defence',4 WG SUP FLT/POL SECTION',Cold Lake',Alberta,T9M2C6,Canada
E60ZH-140001-025-ZH,2019-10-10T00:00:00Z,2027-03-31T00:00:00Z,U009E,Informatics Training',STORMWIND,LLC',Scottsdale,Arizona,85254,United States',100 to 199 employees',0.0,Public Works and Government Services Canada',CONSOLIDATED PROC-ZH SIPS',Gatineau,Quebec,K1A0S5,Canada
W4295-19C001-001-VIC,2019-06-19T00:00:00Z,2019-09-17T00:00:00Z,V401C,Bus Services',Standard Bus Contracting Ltd',Whitehorse,Yukon,Y1A5X9,Canada,100 to 199 employees',120000.0,Department of National Defence',CADET DETACHMENT WINNIPEG',Winnipeg,Manitoba,R3J3Y5,Canada
31184-197833-001-EE,2020-03-09T00:00:00Z,2020-09-30T00:00:00Z,N7030,ADP Software',The MathWorks,Inc.',Natick,Massachusetts,01760-2098,United States',500 to 999 employees',63223.0,National Research Council Canada',ADMIN.SERVS & PROPERTY MGNT BR',Ottawa,Ontario,K1A0R6,Canada
EP933-191820-001-MTC,2019-10-07T00:00:00Z,2020-11-30T00:00:00Z,JX5810,Communications Security Equipment and Components - Repair',Stanley Black & Decker Canada Corp.',Montreal,Quebec,H1J0B2,Canada,5000 employees and over',83496.0,Public Works and Government Services Canada',GESTION IMMOBILIÃˆRE-OACI',Montreal,Quebec,H3C5H7,Canada
EQ754-161519-014-PWL,2019-05-17T00:00:00Z,2019-09-02T00:00:00Z,C119A,Architectual Services - Buildings',Architecture49,Ottawa,Ontario,K1S1V7,Canada,200 to 499 employees',0.0,Public Works and Government Services Canada',ONT PTS PROJECT MGT',Toronto,Ontario,M2N6A6,Canada
47419-208456-001-MTA,2019-09-23T00:00:00Z,2020-03-31T00:00:00Z,N3690,Specialized Ammunition,Ordnance Machinery and Related Equipment',MEGGITT TRAINING SYSTEMS (QUBEC) INC.',St. Laurent',Quebec,H4R3A6,Canada,20 to 49 employees',1172745.0,Canada Border Services Agency',NATL INVOICE RECEPTION UNIT',Montreal,Quebec,H2Y2E7,Canada
EP913-202454-001-FE,2020-03-13T00:00:00Z,2021-03-31T00:00:00Z,C219DA,Environmental Engineering Services - Real Property',Golder Associates Ltd.',Ottawa,Ontario,K2H5B7,Canada,2500 to 4999 employees',296312.0,Public Works and Government Services Canada',GTIS AMS PRGM OFFICE',Gatineau,Quebec,K1A0S5,Canada
B8986-170400-003-ZM,2019-06-20T00:00:00Z,2020-07-19T00:00:00Z,D302A,Informatics Professional Services',Randstad Interim Inc',Ottawa,Ontario,K1Z1G3,Canada,5000 employees and over',1,02E+14',Citizenship and Immigration Canada',GCMS PROJECT',Ottawa,Ontario,K1A1L1,Canada
01581-190465-001-EDM,2019-08-29T00:00:00Z,2020-03-28T00:00:00Z,N6630AJ,ANALYZERS,FLOW CYTOMETERS',VWR International Ltd.',Mississauga,Ontario,L5N5Z7,Canada,100 to 199 employees',109963.0,Agriculture and Agri-Food Canada',R&D CENTRE',Swift Current',Saskatchewan,S9H3X2,Canada
21C41-191727-001-PQ,2019-04-29T00:00:00Z,2019-10-31T00:00:00Z,N7110,Office Furniture',MILL SUPPLY LIMITED',Dartmouth,Nova Scotia',B3B1Z1,Canada,20 to 49 employees',0.0,Correctional Service of Canada',CORCAN ONT-PWGSC',Kingston,Ontario,K7L4V2,Canada
HT380-194361-001-CY,2020-02-17T00:00:00Z,2021-03-31T00:00:00Z,T004Q,Transcription of Live Events',Media Q Inc.',Ottawa,Ontario,K1P5B9,Canada,5 to 9 employees',425445.0,Health Canada',CPAB-DGCAP,Ottawa,Ontario,K1A0K9,Canada
EP938-200664-003-PPS,2019-07-09T00:00:00Z,2020-11-30T00:00:00Z,N7110,Office Furniture',ABI-Advanced Business Interiors Inc.',Ottawa,Ontario,K1G4L2,Canada,100 to 199 employees',4437.0,Public Works and Government Services Canada',PARLIAMENTARY PRECINCT BRANCH',Ottawa,Ontario,K1A0R5,Canada
EN537-05IT01-214-EI,2019-08-13T00:00:00Z,2100-01-31T00:00:00Z,D302A,Informatics Professional Services',Simeio Solutions Canada Inc',Toronto,Ontario,M2N6P6,Canada,200 to 499 employees',0.0,Public Works and Government Services Canada',SOSB SIPS SECTOR',Gatineau,Quebec,K1A0S5,Canada
EP913-192288-001-FE,2019-04-03T00:00:00Z,2020-03-31T00:00:00Z,C219DA,Environmental Engineering Services - Real Property',Golder Associates Ltd.',Ottawa,Ontario,K2H5B7,Canada,2500 to 4999 employees',18941.0,Public Works and Government Services Canada',BLDNG MNGMNT&CNTMNTD SITES',Ottawa,Ontario,K1A0S5,Canada
T8493-190025-001-CAG,2019-08-27T00:00:00Z,2019-09-30T00:00:00Z,JX1680A,Miscellaneous Aircraft Accessories and Components - Repair and Overhaul',Alpine Aerotech Ltd.',Kelowna,British Columbia',V1Z1G5,Canada,50 to 99 employees',166388.0,Transport Canada',AIRCRAFT SERVICES DIRECTORATE',Ottawa,Ontario,K1V9B2,Canada
21120-185246-001-STJ,2019-08-14T00:00:00Z,2020-08-13T00:00:00Z,JX2825A,Turbine Components - Repair and Overhaul',Frontier Power Systems',Charlottetown,Prince Edward Island',C1A9J2,Canada,5 to 9 employees',439703.0,Correctional Service of Canada',CONTRACTING&MATERIEL SERVS',Ottawa,Ontario,K1A0P9,Canada
M7594-191460-001-PR,2019-10-29T00:00:00Z,2022-11-10T00:00:00Z,N8415,Clothing,Special Purpose',L.P. ROYER INC.',Lac Drolet',Quebec,G0Y1C0,Canada,100 to 199 employees',2297360.0,Royal Canadian Mounted Police',HQ PROCURE.&CONTRACT.SERVS',Ottawa,Ontario,K1A0R2,Canada
EP803-182168-011-PPS,2019-05-30T00:00:00Z,2019-11-30T00:00:00Z,N7110,Office Furniture',ABI-Advanced Business Interiors Inc.',Ottawa,Ontario,K1G4L2,Canada,100 to 199 employees',58472.0,Public Works and Government Services Canada',OPERATIONS,Ottawa,Ontario,K1P6L2,Canada
W3162-19F009-001-MTA,2019-12-31T00:00:00Z,2020-03-31T00:00:00Z,N7010,Automatic Data Processing Equipment,System Configuration',Ahearn & Soper inc',Toronto,Ontario,M9W5S6,Canada,100 to 199 employees',74015.0,Department of National Defence',3 CANADIAN SUPPORT UNIT',Montreal,Quebec,H1N3R9,Canada
W6895-190020-001-EDM,2019-05-16T00:00:00Z,2022-05-31T00:00:00Z,K100A,Cleaning and Maintenance,Janitorial',Best Service Pros',Coquitlam,British Columbia',V3K7A8,Canada,1000 to 1499 employees',3113949.0,Department of National Defence',RP OPER UNIT (W) DET COLD LAKE',Cold Lake',Alberta,T9M2C6,Canada
E60PQ-120001-037-PQ,2019-11-15T00:00:00Z,2023-07-06T00:00:00Z,N7110,Office Furniture',Kisik Inc.',Winnipeg,Manitoba,R3C4T3,Canada,1 to 4 employees',0.0,Public Works and Government Services Canada',CONSOLIDATED PROC PQ ICPSS',Gatineau,Quebec,K1A0S5,Canada
EP748-191166-001-PPS,2019-04-09T00:00:00Z,2019-06-30T00:00:00Z,C119A,Architectual Services - Buildings',J.L. Richards & Associates Limited',Ottawa,Ontario,K1Z5M2,Canada,200 to 499 employees',92021.0,Public Works and Government Services Canada',OPERATIONS,Ottawa,Ontario,K1A0A9,Canada
G9321-130001-005-ZM,2019-04-18T00:00:00Z,2020-06-09T00:00:00Z,D302A,Informatics Professional Services',Randstad Interim Inc',Ottawa,Ontario,K1Z1G3,Canada,5000 employees and over',5993151.0,Employment and Social Development Canada',APPEALS EI&RENO',Gatineau,Quebec,K1A0J9,Canada
QA001-170001-001-TOR,2019-06-24T00:00:00Z,2018-09-30T00:00:00Z,B219A,Other Engineering Studies',Hydro One Networks Inc.',Markham,Ontario,L3R1C8,Canada,1500 to 2499 employees',226000.0,Office of Infrastructure of Canada',FINANCE,Ottawa,Ontario,K1P0B6,Canada
W8474-197718-001-QD,2019-11-15T00:00:00Z,2019-11-28T00:00:00Z,N5895,Miscellaneous Communications Equipment',Nokia Canada Inc.',Kanata,Ontario,K2K2E6,Canada,1500 to 2499 employees',843490.0,Department of National Defence',NDHQ,Ottawa,Ontario,K1A0K2,Canada
EP486-171691-001-ZQ,2020-02-04T00:00:00Z,2020-03-31T00:00:00Z,R019BF,Human Resource Services,Business Consulting-Change Management; Project Management Services',Protak Consulting Group Inc.',Ottawa,Ontario,K1S1N4,Canada,1 to 4 employees',2531483.0,Public Works and Government Services Canada',DG STRATEGIC MGNT&RENEWAL',Gatineau,Quebec,K1A0S5,Canada
E0226-201767-001-PWB,2020-02-13T00:00:00Z,2022-02-12T00:00:00Z,5169K,Digital Control Systems - Installation and Repair',Siemens Canada Ltd',Dartmouth,Nova Scotia',B3B0C9,Canada,5000 employees and over',127841.0,Public Works and Government Services Canada',MANAGER ADMIN.SERVS',Charlottetown,Prince Edward Island',C1A7M8,Canada
E60PH-15TBDR-001-PH,2019-06-08T00:00:00Z,2016-06-29T00:00:00Z,N6505,Drugs and Biologicals',Pharmascience Inc.',Montreal,Quebec,H4P2T4,Canada,500 to 999 employees',7361806.0,Public Works and Government Services Canada',DRUG VACCINES BIO DIV',Gatineau,Quebec,K1A0H4,Canada
21201-188793-001-MCT,2020-03-09T00:00:00Z,2021-03-31T00:00:00Z,JX6350,Alarm and Signal Systems,Miscellaneous - Repair,Overhaul and Maintenance',TYCO INTEGRATED FIRE & SECURITY CANADA,INC.-TYCO FEU ET SECURITE INTEGRES CANADA,INC.',Dartmouth,Nova Scotia',B3B1B5,Canada,500 to 999 employees',2865725.0,Correctional Service of Canada',ATLANTIC REGIONAL HDQTRS.',Moncton,New Brunswick',E1C1H1,Canada
EJ196-172768-001-FK,2019-12-03T00:00:00Z,2022-12-31T00:00:00Z,K100A,Cleaning and Maintenance,Janitorial',Service Star Building Cleaning Inc.',Ottawa,Ontario,K2C3H2,Canada,50 to 99 employees',1563918.0,Public Works and Government Services Canada',OPERATIONAL SUPPORT SERVS QM',Ottawa,Ontario,K1P0B6,Canada
E60LM-160029-007-LM,2020-03-31T00:00:00Z,2020-10-25T00:00:00Z,V001A,Freight and Cargo Services',Hellmann Worldwide Logistics Inc',Mississauga,Ontario,L5S1R1,Canada,50 to 99 employees',0.0,Public Works and Government Services Canada',CONSOLIDATED PROC LM ICPSS',Gatineau,Quebec,K1A0S5,Canada
E60ZT-180027-236-ZT,2019-09-24T00:00:00Z,2100-01-01T00:00:00Z,D302A,Informatics Professional Services',JS Communications Inc.',Carp,Ontario,K0A1L0,Canada,5 to 9 employees',0.0,Public Works and Government Services Canada',PROF SERV-BUSINESS INITIATIVES',Gatineau,Quebec,K1A0S5,Canada
EP926-191934-001-PPS,2019-05-08T00:00:00Z,2019-06-30T00:00:00Z,N7110,Office Furniture',ABI-Advanced Business Interiors Inc.',Ottawa,Ontario,K1G4L2,Canada,100 to 199 employees',921.0,Public Works and Government Services Canada',PPB-HERITAGE PLACE',Ottawa,Ontario,K1P6L1,Canada
E60PH-19DRUG-003-PH,2019-06-25T00:00:00Z,2020-06-30T00:00:00Z,N6505,Drugs and Biologicals',Bausch Health Canada Inc.',Laval,Quebec,H7L4A8,Canada,1000 to 1499 employees',2080472.0,Public Works and Government Services Canada',DRUG VACCINES BIO DIV',Gatineau,Quebec,K1A0H4,Canada
W2526-140001-001-ZL,2020-02-28T00:00:00Z,2020-03-31T00:00:00Z,V204I,Flying Training',FlightSafety Canada',Downsview,Ontario,M3K2A5,Canada,50 to 99 employees',2617772.0,Department of National Defence',N/A,Gloucester,Ontario,K1V9B2,Canada
EN578-170432-104-EI,2019-08-13T00:00:00Z,2100-01-31T00:00:00Z,D302A,Informatics Professional Services',Ernst & Young LLP',Ottawa,Ontario,K1P6B9,Canada,5000 employees and over',0.0,Public Works and Government Services Canada',BUSINESS MANAGEMENT DIR.',Gatineau,Quebec,K1A0H4,Canada
5X001-190673-001-EE,2019-11-28T00:00:00Z,2020-11-27T00:00:00Z,N7030,ADP Software',Insight Canada Inc.',Montreal,Quebec,H3X4B2,Canada,200 to 499 employees',64744.0,Courts Administration Service',N/A,Ottawa,Ontario,K1A0H9,Canada
T8493-190088-002-CAG,2020-03-06T00:00:00Z,2020-03-20T00:00:00Z,JX1680A,Miscellaneous Aircraft Accessories and Components - Repair and Overhaul',Bell Textron Canada Limited',Mirabel,Quebec,J7J1R4,Canada,1000 to 1499 employees',104369.0,Transport Canada',AIRCRAFT SERVICES DIRECTORATE',Ottawa,Ontario,K1V9B2,Canada
EE520-180812-001-QCM,2020-01-07T00:00:00Z,2020-03-31T00:00:00Z,C122A,Architectural & Engineering Services - Highways,Roads,Railways,Bridges and Dams',WSP,Montreal,Quebec,H3H1P9,Canada,5000 employees and over',674787.0,Public Works and Government Services Canada',CST 2 - PARKS',Quebec,Quebec,G1R3Z8,Canada
9F052-160448-005-MTB,2019-10-29T00:00:00Z,2020-11-09T00:00:00Z,C219C,Engineering Services',Neptec Design Group Ltd.',Kanata,Ontario,K2K1Y5,Canada,50 to 99 employees',0.0,Canadian Space Agency',EXPLORATION DEVELOPMENT',St Hubert',Quebec,J3Y8Y9,Canada
21301-159030-001-XL,2019-10-01T00:00:00Z,2020-10-03T00:00:00Z,D301C,Computer Services,Not Elsewhere Specified',Services LogiPharm Inc.',Terrebonne,Quebec,J6Y1A9,Canada,1 to 4 employees',322117.0,Correctional Service of Canada',REGIONAL ADMINISTRATION',Laval,Quebec,H7N1A2,Canada
W3554-176184-001-HAL,2019-04-15T00:00:00Z,2020-05-31T00:00:00Z,JX4210D,Firefighting Equipment,Marine Systems - Repair,Overhaul and Modification',D & L Engineering Sales Limited',Halifax,Nova Scotia',B3S1G8,Canada,10 to 19 employees',316251.0,Department of National Defence',FMF CAPE SCOTT CONTRACT OFFICE',Halifax,Nova Scotia',B3K5X5,Canada
24062-190356-001-ZM,2019-05-08T00:00:00Z,2019-03-25T00:00:00Z,D317B,Information Retrieval Services,Database',Gartner Canada Co.',Ottawa,Ontario,K1Z8R9,Canada,50 to 99 employees',301841.0,Treasury Board of Canada',MAT.MGNT CTRL SUPPLY RECEIVING',Ottawa,Ontario,K1A0R5,Canada
51019-184025-014-CZ,2019-04-24T00:00:00Z,2019-07-24T00:00:00Z,T003AG,Advertising Related Services',Technologies AdGear Inc.',Montreal,Quebec,H2Y2H2,Canada,20 to 49 employees',3383.0,Veterans Affairs Canada',COMMUNICATIONS CHARLOTTETOWN',Charlottetown,Prince Edward Island',C1A8M9,Canada
W3931-030182-001-XF,2020-02-03T00:00:00Z,2016-09-30T00:00:00Z,R122A,Program Management - Analysis-Control',Calian Ltd.',Ottawa,Ontario,K2V1C8,Canada,2500 to 4999 employees',8,67E+16',Department of National Defence',DIL PROC 5-HEALTH PROCUREMENT',Ottawa,Ontario,K1A0K6,Canada
E60PQ-120001-062-PQ,2019-11-15T00:00:00Z,2023-07-06T00:00:00Z,N7110,Office Furniture',hbi office plus inc.',Regina,Saskatchewan,S4R5G9,Canada,50 to 99 employees',0.0,Public Works and Government Services Canada',CONSOLIDATED PROC PQ ICPSS',Gatineau,Quebec,K1A0S5,Canada
W6837-174612-001-TOR,2019-08-13T00:00:00Z,2022-10-30T00:00:00Z,R008A,Technical Engineering and Maintenance Services (TEMS) (Excludes requirements related to armament,R&D and R&O)',DURHAM COMBUSTION LIMITED',Courtice,Ontario,L1E2E9,Canada,5 to 9 employees',90400.0,Department of National Defence',ADM IE (INFRASTRUCTURE&ENV'T)',Ottawa,Ontario,K1A0K2,Canada
E60ZH-140001-043-ZH,2019-10-10T00:00:00Z,2027-03-31T00:00:00Z,U009E,Informatics Training',ProTech Professional Technical Services Canada Inc.',Toronto,Ontario,M5H2S8,Canada,5 to 9 employees',0.0,Public Works and Government Services Canada',CONSOLIDATED PROC-ZH SIPS',Gatineau,Quebec,K1A0S5,Canada
EP168-200562-001-FE,2019-10-08T00:00:00Z,2020-07-10T00:00:00Z,C119F,Engineering Services - Buildings',TTRA TECH QE INC. TETRA TECH QE INC.',Montreal,Quebec,H1V3R9,Canada,100 to 199 employees',241473.0,Public Works and Government Services Canada',RPS A&ES BLDGS DIRECTORATE',Gatineau,Quebec,K1A0S5,Canada
E60ZT-18TSSO-005-ZT,2019-04-10T00:00:00Z,2021-05-31T00:00:00Z,R019BF,Human Resource Services,Business Consulting-Change Management; Project Management Services',3925994 Canada Inc.',Ottawa,Ontario,K2A2T6,Canada,1 to 4 employees',0.0,Public Works and Government Services Canada',PROF SERV-BUSINESS INITIATIVES',Gatineau,Quebec,K1A0S5,Canada
EE517-161441-001-QCL,2020-01-27T00:00:00Z,2021-03-31T00:00:00Z,5129B,Construction of Other Buildings',9275-0181 QUBEC INC.',Rimouski,Quebec,G5L2T5,Canada,50 to 99 employees',2299500.0,Public Works and Government Services Canada',CST 1-DFO/TC',Quebec,Quebec,G1J0C7,Canada
EP597-180057-007-EL,2020-01-20T00:00:00Z,2020-02-19T00:00:00Z,D302A,Informatics Professional Services',IT-NET OTTAWA INC,KPMG LLP,in Joint Venture',Ottawa,Ontario,K2P2P8,Canada,100 to 199 employees',2899512.0,Public Works and Government Services Canada',SSI-DIR. GENERAL'S OFFICE(DGO)',Ottawa,Ontario,K1A0S5,Canada
EJ196-200089-001-FK,2019-10-11T00:00:00Z,2020-10-31T00:00:00Z,K113A,Snow Plowing and Removal',LES ENTREPRISES PREBBEL ENTERPRISES INC',Ottawa,Ontario,K4C1P2,Canada,20 to 49 employees',245634.0,Public Works and Government Services Canada',GTIS AMS PRGM OFFICE',Gatineau,Quebec,K1A0S5,Canada
21807-190029-001-VAN,2019-12-31T00:00:00Z,2023-03-31T00:00:00Z,N6520,Dental Instruments,Equipment,and Supplies',Allstar Dental Laboratories Ltd',Vancouver,British Columbia',V5T1M5,Canada,20 to 49 employees',270000.0,Correctional Service of Canada',REGIONAL SUPPLY DEPOT',Abbotsford,British Columbia',V2S5X7,Canada
EP916-200745-002-PQ,2020-01-07T00:00:00Z,2021-03-31T00:00:00Z,N7110,Office Furniture',ABI-Advanced Business Interiors Inc.',Ottawa,Ontario,K1G4L2,Canada,100 to 199 employees',216687.0,Public Works and Government Services Canada',PRJCT MNGMNT SRVC LN (PMSL)',Ottawa,Ontario,K1A0S5,Canada
21120-187317-001-HN,2019-06-28T00:00:00Z,2020-03-12T00:00:00Z,N6350,Alarm,Signal,and Security Detection Systems,Miscellaneous',Paladin Technologies',Burnaby,British Columbia',V5G4W3,Canada,20 to 49 employees',696000.0,Correctional Service of Canada',CONTRACTING&MATERIEL SERVS',Ottawa,Ontario,K1A0P9,Canada
39903-170700-001-CW,2019-08-08T00:00:00Z,2019-08-15T00:00:00Z,T014G3,Labels,Printed',DATA COMMUNICATIONS MANAGEMENT CORP. GESTION DES COMMUNICATIONS DATA CORP.',Brampton,Ontario,L6S6H2,Canada,1000 to 1499 employees',434800.0,Canadian Food Inspection Agency',NATL PROCURE.&CTRCTG SERV.CTR',Ottawa,Ontario,K1A0Y9,Canada
F7048-090005-005-ML,2020-03-24T00:00:00Z,2020-05-31T00:00:00Z,C216C,Marine Architect and Engineering Services',CAE Inc.',Kanata,Ontario,K2K2W7,Canada,2500 to 4999 employees',0.0,Fisheries and Oceans Canada',DIRECTOR,ENGINEERING SERVICES',Ottawa,Ontario,K1A0E6,Canada
5P435-200078-001-STN,2020-02-07T00:00:00Z,2021-12-31T00:00:00Z,N3830DB,Blades,Snowplow',PNS TECH CORP.',St-agapit,Quebec,G0S1Z0,Canada,20 to 49 employees',141031.0,Parks Canada',MT REVELSTOKE GLACIER',Revelstoke,British Columbia',V0E2S0,Canada
EN960-192231-118-ZF,2019-05-03T00:00:00Z,2020-06-30T00:00:00Z,R109B,Language Interpretation Services',KARIN WEISS',Ottawa,Ontario,K1S0T3,Canada,1 to 4 employees',100000.0,Public Works and Government Services Canada',CONFERENCE INTERPRETATION',Ottawa,Ontario,K1A0S5,Canada
23229-129462-012-SQ,2019-05-06T00:00:00Z,2020-05-06T00:00:00Z,AG614500,Energy,Bfreehomes Design Limited',Glen Haven',Nova Scotia',B3Z2T5,Canada,1 to 4 employees',439344.0,Natural Resources Canada',BUILDINGS GROUP CETC',Ottawa,Ontario,K1A0E4,Canada
21120-165011-001-MTC,2019-10-01T00:00:00Z,2018-06-29T00:00:00Z,5153B,Roofing and Waterproofing',Les toitures techni-toit',Drummondville,Quebec,J2A1B2,Canada,50 to 99 employees',2063570.0,Correctional Service of Canada',CONTRACTING&MATERIEL SERVS',Ottawa,Ontario,K1A0P9,Canada
EN578-141760-022-CY,2019-12-05T00:00:00Z,2021-01-29T00:00:00Z,T004KA,Social Media Monitoring',Privacy in Design Inc.',Toronto,Ontario,M2J2K9,Canada,10 to 19 employees',0.0,Public Works and Government Services Canada',BUSINESS MANAGEMENT DIR.',Gatineau,Quebec,K1A0H4,Canada
M7594-195133-001-BK,2019-05-03T00:00:00Z,2022-07-31T00:00:00Z,N1305,Ammunition,through 30mm',GENERAL DYNAMICS ORDNANCE AND TACTICAL SYSTEMS - CANADA INC.',Repentigny,Quebec,J5Z2P4,Canada,1000 to 1499 employees',1220073.0,Royal Canadian Mounted Police',HQ PROCURE.&CONTRACT.SERVS',Ottawa,Ontario,K1A0R2,Canada
9F052-160448-009-MTB,2019-10-25T00:00:00Z,2020-10-31T00:00:00Z,C219C,Engineering Services',Canadensys Aerospace Corporation',Bolton,Ontario,L7E4G9,Canada,10 to 19 employees',0.0,Canadian Space Agency',EXPLORATION DEVELOPMENT',St Hubert',Quebec,J3Y8Y9,Canada
E0226-193222-001-PWB,2019-04-30T00:00:00Z,2022-05-31T00:00:00Z,K100A,Cleaning and Maintenance,Janitorial',GDI Services (Canada) LP',Dartmouth,Nova Scotia',B3P1M1,Canada,500 to 999 employees',654238.0,Public Works and Government Services Canada',MANAGER ADMIN.SERVS',Charlottetown,Prince Edward Island',C1A7M8,Canada
EQ754-191818-001-PWL,2019-05-06T00:00:00Z,2020-12-31T00:00:00Z,C122A,Architectural & Engineering Services - Highways,Roads,Railways,Bridges and Dams',Parsons Inc',Markham,Ontario,L3R9R9,Canada,500 to 999 employees',468176.0,Public Works and Government Services Canada',ONT PTS PROJECT MGT',Toronto,Ontario,M2N6A6,Canada
EN960-192231-097-ZF,2019-05-03T00:00:00Z,2020-06-30T00:00:00Z,R109B,Language Interpretation Services',Pierre Trudel',Ottawa,Ontario,K1N7Y5,Canada,1 to 4 employees',100000.0,Public Works and Government Services Canada',CONFERENCE INTERPRETATION',Ottawa,Ontario,K1A0S5,Canada
W8486-195946-001-HN,2019-06-07T00:00:00Z,2019-09-07T00:00:00Z,N5995,Cable,Cord,and Wire Assemblies,Communication Equipment',SIMEX DEFENCE INC. - DEFENSE SIMEX INC.',Pointe-claire,Quebec,H9R1A6,Canada,10 to 19 employees',1239684.0,Department of National Defence',NDHQ DGLEPM',Ottawa,Ontario,K1A0K2,Canada
E6MON-19PQVV-015-MTR,2019-12-12T00:00:00Z,2020-03-31T00:00:00Z,N8905,Meat,Poultry and Fish (replaced by gsin N8905Z)',BEN DESHAIES INC',Amos,Quebec,J9T2V5,Canada,200 to 499 employees',0.0,Public Works and Government Services Canada',CONSOLIDATED PROC-MON',Montreal,Quebec,H3E1G9,Canada
39903-200147-001-CAL,2019-11-28T00:00:00Z,2025-03-31T00:00:00Z,N6640A,CABINETS,LABORATORY',Felix Technology Inc.',Concord,Ontario,L4K3S4,Canada,5 to 9 employees',52255.0,Canadian Food Inspection Agency',NATL PROCURE.&CTRCTG SERV.CTR',Ottawa,Ontario,K1A0Y9,Canada
EP916-200777-001-FG,2019-12-13T00:00:00Z,2020-03-06T00:00:00Z,5161C,Air Distribution Systems - Installation and Repair',Lar-Mex Inc.',Gloucester,Ontario,K1J9J8,Canada,20 to 49 employees',110801.0,Public Works and Government Services Canada',GTIS AMS PRGM OFFICE',Gatineau,Quebec,K1A0S5,Canada
EQ447-172692-003-PWL,2019-05-21T00:00:00Z,2020-07-19T00:00:00Z,C219DA,Environmental Engineering Services - Real Property',HATCH CORPORATION',Mississauga,Ontario,L5K2R7,Canada,5000 employees and over',0.0,Public Works and Government Services Canada',ONT ENV.SERVICES & CONT. SITES',Toronto,Ontario,M2N6A6,Canada
6D063-184132-001-WPG,2019-07-10T00:00:00Z,2019-12-15T00:00:00Z,5164CN,Building Electrical Controls - Installation and Repair',CUMMINS CANADA ULC',Winnipeg,Manitoba,R2R1V2,Canada,500 to 999 employees',128336.0,Public Health Agency of Canada',CDN SCIENCE CTR HUM.&ANL HLTH',Winnipeg,Manitoba,R3E3P6,Canada
H4004-193263-001-KIN,2019-10-24T00:00:00Z,2021-07-31T00:00:00Z,N7030,ADP Software',Waters Limited',Mississauga,Ontario,L4Z1S6,Canada,20 to 49 employees',79264.0,Health Canada',HEALTH PROTECTION BR.',Scarborough,Ontario,M1P4R7,Canada
E60HN-14AVSI-008-HN,2019-04-11T00:00:00Z,2020-11-02T00:00:00Z,WR5836,VIDEO RECORDING AND REPRODUCING EQUIPMENT - RENTAL',Westbury National Show Systems,Ltd.',Scarborough,Ontario,M1L4T7,Canada,200 to 499 employees',0.0,Public Works and Government Services Canada',CONSOLIDATED PROC HN ICPSS',Gatineau,Quebec,K1A0S5,Canada
W7714-207284-001-SV1,2019-11-27T00:00:00Z,2021-01-06T00:00:00Z,AZ110140,Product-Material - Design,Development,Formulation,Modification: Science and Technology Related (R&D)',GLOBVISION INC',St. Laurent',Quebec,H4L3Y2,Canada,10 to 19 employees',977455.0,Department of National Defence',DEFENCE R&D CANADA OTTAWA',Ottawa,Ontario,K1A0Z4,Canada
21C51-188185-001-ZH,2020-01-20T00:00:00Z,2020-02-11T00:00:00Z,U006C,Technical - Vocational Training',Air Extreme Inc',Edmonton,Alberta,T6B2N7,Canada,5 to 9 employees',279389.0,Correctional Service of Canada',CORCAN PRA-PWGSC',Saskatoon,Saskatchewan,S7K3X5,Canada
EN578-170432-187-EI,2019-08-13T00:00:00Z,2100-01-31T00:00:00Z,D302A,Informatics Professional Services',MERAK Systems Corportation',Guelph,Ontario,N1H8K1,Canada,20 to 49 employees',0.0,Public Works and Government Services Canada',BUSINESS MANAGEMENT DIR.',Gatineau,Quebec,K1A0H4,Canada
EZ899-180211-002-VIC,2019-08-28T00:00:00Z,2019-12-31T00:00:00Z,N7110,Office Furniture',HAWORTH,LTD.',Holland,Michigan,49423,United States',2500 to 4999 employees',368035.0,Public Works and Government Services Canada',P&T SERVS PRJCT MGNT',Vancouver,British Columbia',V6Z0B9,Canada
W0127-17P003-001-EDM,2019-06-03T00:00:00Z,2020-10-31T00:00:00Z,N9330,Plastics,Fabricated Materials',Visual Planning 2015 Corporation',Ottawa,Ontario,K2G0P4,Canada,5 to 9 employees',300000.0,Department of National Defence',1 SVC BN SUP COY LPO',Edmonton,Alberta,T5J4J5,Canada
5FUSA-11E068-001-RVV,2019-05-31T00:00:00Z,2025-01-01T00:00:00Z,N2540,Vehicular Furniture and Accessories',General Dynamics Land Systems - Canada Corporation',London,Ontario,N5V2Z7,Canada,1500 to 2499 employees',2,95E+16',Canadian Commercial Corporation',MGR U.S.GR.',Ottawa,Ontario,K1A0S6,Canada
EN578-170432-111-EI,2019-08-13T00:00:00Z,2100-01-31T00:00:00Z,D302A,Informatics Professional Services',Facilit Informatique canada inc.',Montreal,Quebec,H3B2G2,Canada,100 to 199 employees',0.0,Public Works and Government Services Canada',BUSINESS MANAGEMENT DIR.',Gatineau,Quebec,K1A0H4,Canada
W6898-180105-001-MCT,2020-03-23T00:00:00Z,2020-05-31T00:00:00Z,N4130HC,Filters,Air,Disposable',Emco Corporation',Moncton,New Brunswick',E1E4K7,Canada,5 to 9 employees',230000.0,Department of National Defence',RP OPER UNIT (ATL)DET GAGETOWN',Oromocto,New Brunswick',E2V4J5,Canada
E60ZT-180028-116-ZT,2019-06-13T00:00:00Z,2100-01-01T00:00:00Z,D302A,Informatics Professional Services',KORN FERRY (CA) LTD. KORN FERRY (CA) LTEE',Toronto,Ontario,M5J2T3,Canada,2500 to 4999 employees',0.0,Public Works and Government Services Canada',PROF SERV-BUSINESS INITIATIVES',Gatineau,Quebec,K1A0S5,Canada
HT434-162321-001-WPG,2019-04-23T00:00:00Z,2019-05-31T00:00:00Z,JX6520,Dental Instruments,Equipment and Supplies - Repair',PRO-DENT TECHNICAL SERVICES INC',Edmonton,Alberta,T5M1V9,Canada,1 to 4 employees',360000.0,Health Canada',FIRST NATIONS & INUIT HEALTH',Edmonton,Alberta,T5J4C3,Canada
ET025-181955-001-PWZ,2019-04-02T00:00:00Z,2021-10-27T00:00:00Z,5139A,Construction Services,Not Elsewhere Specified',Graham Construction and Engineering Inc.',Regina,Saskatchewan,S4N3A4,Canada,100 to 199 employees',1,80E+14',Public Works and Government Services Canada',REAL PROPERTY SERVS',Winnipeg,Manitoba,R3B0T6,Canada
21C31-163451-001-PR,2019-05-30T00:00:00Z,2019-09-03T00:00:00Z,N8305,Textile Fabrics',FLEX KNIT INC.',St Lazare',Quebec,J7T2C3,Canada,1 to 4 employees',961180.0,Correctional Service of Canada',CORCAN QUE-PWGSC',Laval,Quebec,H7C1S5,Canada
21120-193993-004-BM,2019-07-17T00:00:00Z,2019-12-17T00:00:00Z,N1055,Launchers,Grenade,Rocket and Pyrotechnic',DISTRIBUTION LITE CANADA INC.',Delson,Quebec,J5B1V4,Canada,1 to 4 employees',3051.0,Correctional Service of Canada',CONTRACTING&MATERIEL SERVS',Ottawa,Ontario,K1A0P9,Canada
EZ899-191962-002-TPV,2019-11-14T00:00:00Z,2022-07-31T00:00:00Z,C122A,Architectural & Engineering Services - Highways,Roads,Railways,Bridges and Dams',Tetra Tech Canada Inc.',Edmonton,Alberta,T5V1B4,Canada,1000 to 1499 employees',0.0,Public Works and Government Services Canada',P&T SERVS PRJCT MGNT',Vancouver,British Columbia',V6Z0B9,Canada
EZ899-191600-001-TPV,2019-05-09T00:00:00Z,2019-06-26T00:00:00Z,C219C,Engineering Services',ISL ENGINEERING AND LAND SERVICES LTD.',Langley,British Columbia',V2Y0M1,Canada,200 to 499 employees',38951.0,Public Works and Government Services Canada',P&T SERVS PRJCT MGNT',Vancouver,British Columbia',V6Z0B9,Canada
EZ899-202482-001-TPV,2020-01-08T00:00:00Z,2021-03-31T00:00:00Z,C119A,Architectual Services - Buildings',Number Ten Architectural Group',Victoria,British Columbia',V8W3K3,Canada,10 to 19 employees',66645.0,Public Works and Government Services Canada',P&T SERVS PRJCT MGNT',Vancouver,British Columbia',V6Z0B9,Canada
EZ899-201670-001-TPV,2019-10-15T00:00:00Z,2021-03-31T00:00:00Z,C119F,Engineering Services - Buildings',The AME Consulting Group Ltd.',Vancouver,British Columbia',V6C2X4,Canada,50 to 99 employees',57494.0,Public Works and Government Services Canada',P&T SERVS PRJCT MGNT',Vancouver,British Columbia',V6Z0B9,Canada
EP549-202200-001-HAL,2020-01-23T00:00:00Z,2020-04-30T00:00:00Z,N7110,Office Furniture',Grand & Toy Limited',Vaughan,Ontario,L4L9C7,Canada,1500 to 2499 employees',103032.0,Public Works and Government Services Canada',SERVICE MGMT & SECTOR PLANNING',Gatineau,Quebec,K1A0S5,Canada
EP466-132616-001-XL,2019-06-04T00:00:00Z,2020-03-31T00:00:00Z,N7030,ADP Software',Oracle Canada ULC',Ottawa,Ontario,K1P1A4,Canada,1500 to 2499 employees',6,78E+14',Public Works and Government Services Canada',GC HRMS PROGRAM CENTRE',Ottawa,Ontario,K1A0S5,Canada
W6842-17LP75-001-EDM,2019-05-01T00:00:00Z,2019-12-10T00:00:00Z,N4130HC,Filters,Air,Disposable',B.G.E. Service & Supply Ltd.',Edmonton,Alberta,T6H2J6,Canada,100 to 199 employees',240000.0,Department of National Defence',RP OPERATIONS UNIT (WEST)',Edmonton,Alberta,T5J4J5,Canada
ET025-202032-001-PWU,2019-11-28T00:00:00Z,2022-03-31T00:00:00Z,C119A,Architectual Services - Buildings',1x1 architecture inc.',Winnipeg,Manitoba,R3C1C7,Canada,1 to 4 employees',88141.0,Public Works and Government Services Canada',REAL PROPERTY SERVS',Winnipeg,Manitoba,R3B0T6,Canada
W7714-196992-001-ZQ,2019-07-10T00:00:00Z,2024-07-09T00:00:00Z,R019BF,Human Resource Services,Business Consulting-Change Management; Project Management Services',Altis Human Resources (Ottawa) Inc.',Ottawa,Ontario,K1P5N4,Canada,50 to 99 employees',4117155.0,Department of National Defence',DEFENCE R&D CANADA OTTAWA',Ottawa,Ontario,K1A0Z4,Canada
EP747-141835-001-FE,2019-05-15T00:00:00Z,2023-12-31T00:00:00Z,C121A,Architectural & Engineering Services - Restoration-Conservation Heritage Building Structures',Architecture49 Inc.,D F S INC. IN JOINT VENTURE',Montreal,Quebec,H3G1P1,Canada,10 to 19 employees',1,01E+14',Public Works and Government Services Canada',OPERATIONS,Ottawa,Ontario,K1A0A9,Canada
EP363-140002-002-CY,2019-04-04T00:00:00Z,2019-09-30T00:00:00Z,T001C,Public Opinion Research - Quantitative & Qualitative',Corporate Research Associates Inc.',Halifax,Nova Scotia',B3L2C2,Canada,20 to 49 employees',0.0,Public Works and Government Services Canada',PUBLIC OPINION RESEARCH DIR',Ottawa,Ontario,K1A0S5,Canada
EN950-170052-001-ZF,2019-08-01T00:00:00Z,2020-08-20T00:00:00Z,R109D,Translation Services',TRADUCTIONS DIAPASON INC.',Morin-heights,Quebec,J0R1H0,Canada,1 to 4 employees',331017.0,Public Works and Government Services Canada',PARLIAMENTARY DOCUMENTS',Ottawa,Ontario,K1A0S5,Canada
W010C-170007-001-PWA,2019-12-12T00:00:00Z,2020-12-31T00:00:00Z,E108D,Hazardous Substance Removal and Disposal -Building Related',Imperial Cleaners Ltd.',Dartmouth,Nova Scotia',B2W6B2,Canada,20 to 49 employees',1725000.0,Department of National Defence',FORMATION CONSTRUC.ENGINEERING',Halifax,Nova Scotia',B3K5X5,Canada
EN578-170432-101-EI,2019-08-13T00:00:00Z,2100-01-31T00:00:00Z,D302A,Informatics Professional Services',Entaros Corp.',Oakville,Ontario,L6J7W4,Canada,5 to 9 employees',0.0,Public Works and Government Services Canada',BUSINESS MANAGEMENT DIR.',Gatineau,Quebec,K1A0H4,Canada
EW479-172986-003-EDM,2019-05-28T00:00:00Z,2020-05-31T00:00:00Z,R201A,General Office Help',Kelly Services',Edmonton,Alberta,T5J1S6,Canada,200 to 499 employees',1.0,Public Works and Government Services Canada',MGR COMMERCIAL ACQUISITIONS',Edmonton,Alberta,T5J1S6,Canada
W6898-180100-001-PWB,2020-01-24T00:00:00Z,2021-03-31T00:00:00Z,5161B,Heating,Ventilation and Air Conditioning Maintenance & Inspection Services',Carmichael Engineering Limited',Fredericton,New Brunswick',E3B5N6,Canada,10 to 19 employees',1760587.0,Department of National Defence',RP OPER UNIT (ATL)DET GAGETOWN',Oromocto,New Brunswick',E2V4J5,Canada
31184-190180-001-CAL,2019-11-25T00:00:00Z,2022-02-20T00:00:00Z,N3416,Lathes (Metal Working)',Sirco Machinery Company Limited',Toronto,Ontario,M8Z2G9,Canada,20 to 49 employees',594206.0,National Research Council Canada',ADMIN.SERVS & PROPERTY MGNT BR',Ottawa,Ontario,K1A0R6,Canada
EA372-170001-001-XAQ,2019-05-31T00:00:00Z,2020-05-31T00:00:00Z,R201AA,Temporary Help Services,General Office Support',HR PROJECT PARTNERS INCORPORATED',Mount Pearl',Newfoundland and Labrador',A1N0A1,Canada,1 to 4 employees',249999.0,Public Works and Government Services Canada',SCIENCE&PROFESSIONAL SERVS',St Johns',Newfoundland and Labrador',A1C5T2,Canada
31184-191061-001-EE,2019-10-16T00:00:00Z,2020-07-31T00:00:00Z,N7030,ADP Software',In-House Solutions Inc.',Cambridge,Ontario,N3C3X4,Canada,50 to 99 employees',76165.0,National Research Council Canada',ADMIN.SERVS & PROPERTY MGNT BR',Ottawa,Ontario,K1A0R6,Canada
E60HS-18AGTR-001-HS,2019-12-05T00:00:00Z,2022-05-07T00:00:00Z,N2420,Tractors,Wheeled',Podolinsky Equipment Ltd.',Petrolia,Ontario,N0N1R0,Canada,20 to 49 employees',0.0,Public Works and Government Services Canada',CONSOLIDATED PROC HS ICPSS',Gatineau,Quebec,K1A0S5,Canada
W5942-19TN08-001-LP,2020-02-06T00:00:00Z,2027-11-01T00:00:00Z,V401CA,Bus Passenger Service',Autobus La Qubcoise inc',Quebec,Quebec,G2G2T4,Canada,5 to 9 employees',609917.0,Department of National Defence',NDHQ BTNO TRANSPORTA. OFFICER',Ottawa,Ontario,K1A0K5,Canada
EZ899-172922-001-PWY,2019-07-04T00:00:00Z,2019-08-30T00:00:00Z,5164CC,High Voltage Distribution System (above 600-Volt) - Installation and Repair',Black & McDonald Limited',Vancouver,British Columbia',V5L3K9,Canada,5000 employees and over',4486613.0,Public Works and Government Services Canada',P&T SERVS PRJCT MGNT',Vancouver,British Columbia',V6Z0B9,Canada
EZ156-170001-007-VAN,2019-05-16T00:00:00Z,2020-05-31T00:00:00Z,R201AA,Temporary Help Services,General Office Support',Kelly Services (Canada) Ltd.',Vancouver,British Columbia',V6Z1S4,Canada,200 to 499 employees',75000.0,Public Works and Government Services Canada',COMMERCIAL&TECHNICAL ACQ.',Vancouver,British Columbia',V6Z2V8,Canada
EP168-201173-001-FE,2019-10-29T00:00:00Z,2020-03-31T00:00:00Z,C119F,Engineering Services - Buildings',ALCAIDE WEBSTER ARCHITECTS INC.',Ottawa,Ontario,K1Z7K8,Canada,5 to 9 employees',143521.0,Public Works and Government Services Canada',RPS A&ES BLDGS DIRECTORATE',Gatineau,Quebec,K1A0S5,Canada
E60PD-16OSFB-006-PD,2019-07-18T00:00:00Z,2019-09-30T00:00:00Z,N7530,Stationery and Record Forms',Shaver Business Products Limited',Nepean,Ontario,K2E7K3,Canada,10 to 19 employees',0.0,Public Works and Government Services Canada',NBC DETECTION PRODUCTS DIV.',Gatineau,Quebec,K1A0S5,Canada
F7048-160039-001-QF,2020-01-17T00:00:00Z,2028-01-17T00:00:00Z,N5825,Radio Navigation Equipment,Except Airborne',Felix Technology Inc.',Concord,Ontario,L4K3S4,Canada,5 to 9 employees',4,02E+14',Fisheries and Oceans Canada',DIRECTOR,ENGINEERING SERVICES',Ottawa,Ontario,K1A0E6,Canada
01690-200224-001-KIN,2019-10-31T00:00:00Z,2020-06-30T00:00:00Z,N6630BD,CHROMATOGRAPH,LIQUID (HPLC)',Agilent Technologies Canada Inc.',Mississauga,Ontario,L5N5M4,Canada,200 to 499 employees',367470.0,Agriculture and Agri-Food Canada',VINELAND RESEARCH FARM',Vineland Station',Ontario,L0R2E0,Canada
EN578-100808-008-EE,2019-08-14T00:00:00Z,2023-09-30T00:00:00Z,N7030,ADP Software',Carahsoft Technology Corp.',Reston,Virginia,20190,United States',500 to 999 employees',0.0,Public Works and Government Services Canada',BUSINESS MANAGEMENT DIR.',Gatineau,Quebec,K1A0H4,Canada
T8053-190163-001-CZ,2019-12-27T00:00:00Z,2020-03-31T00:00:00Z,T003AF,Advertising Media Planning-Buying',Cossette Media inc.',Quebec,Quebec,G1K7R1,Canada,100 to 199 employees',47209.0,Transport Canada',COMMUNICATIONS GROUP',Ottawa,Ontario,K1A0N5,Canada
H4133-163211-001-SS,2020-03-30T00:00:00Z,2020-03-31T00:00:00Z,H300C,Commercial Testing Laboratory Services',Labstat International Inc.',Kitchener,Ontario,N2C1L3,Canada,50 to 99 employees',1200000.0,Health Canada',CONTROLLED SUBS.&TOBACCO DIR.',Ottawa,Ontario,K1A0K9,Canada
9F030-140584-001-MTC,2019-04-05T00:00:00Z,2020-04-06T00:00:00Z,C211D,Architect and Engineering Services - Buildings',ROCHON EXPERTS-CONSEILS INC.',Sainte-julie,Quebec,J3E1Z2,Canada,20 to 49 employees',1633628.0,Canadian Space Agency',SECURITY&FACILITIES,St Hubert',Quebec,J3Y8Y9,Canada
EN578-170432-496-EI,2019-08-13T00:00:00Z,2100-01-31T00:00:00Z,D302A,Informatics Professional Services',OPIN Software Inc.',Ottawa,Ontario,K1R5T5,Canada,20 to 49 employees',0.0,Public Works and Government Services Canada',BUSINESS MANAGEMENT DIR.',Gatineau,Quebec,K1A0H4,Canada
47419-200406-001-CY,2020-01-28T00:00:00Z,2020-11-30T00:00:00Z,T001C,Public Opinion Research - Quantitative & Qualitative',IPSOS LIMITED PARTNERSHIP',Vancouver,British Columbia',V6E3C9,Canada,200 to 499 employees',174462.0,Canada Border Services Agency',NATL INVOICE RECEPTION UNIT',Montreal,Quebec,H2Y2E7,Canada
EP916-200530-001-FG,2019-09-06T00:00:00Z,2019-11-15T00:00:00Z,5153A,Roofing,Siding and Sheet Metal Installation Services',Covertite Eastern Ltd.',Ottawa,Ontario,K1G3W3,Canada,50 to 99 employees',411400.0,Public Works and Government Services Canada',PRJCT MNGMNT SRVC LN (PMSL)',Ottawa,Ontario,K1A0S5,Canada
W0046-195146-001-KIN,2019-09-23T00:00:00Z,2020-05-31T00:00:00Z,N6640,Laboratory Equipment and Supplies',IPG Photonics Corporation',Oxford,Massachusetts,1540,United States',1500 to 2499 employees',46387.0,Department of National Defence',ROYAL MILITARY COLLEGE DSS HQ',Kingston,Ontario,K7K7B4,Canada
W0125-20WR09-002-TOR,2020-01-15T00:00:00Z,2020-06-30T00:00:00Z,N8920C,Groceries,Miscellaneous (replaced by gsin N8920ZC)',Findlay Foods (Kingston) Ltd.',Kingston,Ontario,K7M0C7,Canada,20 to 49 employees',350000.0,Department of National Defence',8 WING TRENTON',Astra,Ontario,K0K3W0,Canada
21201-197539-006-MCT,2019-07-24T00:00:00Z,2019-08-31T00:00:00Z,N8915Z,Fruits and Vegetables',056729 N B LTD',Hanwell,New Brunswick',E3C0L2,Canada,10 to 19 employees',41666.0,Correctional Service of Canada',ATLANTIC REGIONAL HDQTRS.',Moncton,New Brunswick',E1C1H1,Canada
08112-190011-005-CZ,2019-06-13T00:00:00Z,2019-06-30T00:00:00Z,T003AF,Advertising Media Planning-Buying',Cossette Communication Inc.',Quebec,Quebec,G1K7R1,Canada,500 to 999 employees',142295.0,Foreign Affairs,Trade And Development (Department Of)',BCD COMMUNICATIONS BUR',Ottawa,Ontario,K1A0G2,Canada
F1571-198017-001-PWY,2019-11-13T00:00:00Z,2020-03-15T00:00:00Z,5133C,Waterways,Harbours,Dams and Other Water Works',PACIFIC INDUSTRIAL & MARINE LTD.',Duncan,British Columbia',V9L6Y1,Canada,10 to 19 employees',441020.0,Fisheries and Oceans Canada',SMALL CRAFT HARBOUR',Vancouver,British Columbia',V6C3S4,Canada
E60PI-18JRNL-010-PI,2019-12-13T00:00:00Z,2020-12-31T00:00:00Z,D317E,Information Products',Grey House Publishing Canada Inc.',Toronto,Ontario,M5V2A5,Canada,5 to 9 employees',0.0,Public Works and Government Services Canada',INFORMATION PRODUCTS DIVISION',Gatineau,Quebec,K1A0S5,Canada
EJ196-162173-002-FK,2020-02-03T00:00:00Z,2021-04-30T00:00:00Z,5161B,Heating,Ventilation and Air Conditioning Maintenance & Inspection Services',Modern Niagara Ottawa Inc.',Kanata,Ontario,K2M2G8,Canada,50 to 99 employees',344783.0,Public Works and Government Services Canada',OPERATIONAL SUPPORT SERVS QM',Ottawa,Ontario,K1P0B6,Canada
E60PQ-120001-007-PQ,2019-11-14T00:00:00Z,2023-07-06T00:00:00Z,N7110,Office Furniture',Grand & Toy Limited',Vaughan,Ontario,L4L9C7,Canada,1500 to 2499 employees',0.0,Public Works and Government Services Canada',CONSOLIDATED PROC PQ ICPSS',Gatineau,Quebec,K1A0S5,Canada
W8486-206992-001-EE,2019-11-29T00:00:00Z,2020-07-31T00:00:00Z,N7030,ADP Software',In-House Solutions Inc.',Cambridge,Ontario,N3C3X4,Canada,50 to 99 employees',27002.0,Department of National Defence',NDHQ DGLEPM',Ottawa,Ontario,K1A0K2,Canada
EW128-202269-001-EDM,2020-02-11T00:00:00Z,2020-09-01T00:00:00Z,T019AA,Land Surveying Services',Meridian Surveys (M.L.S.) Ltd.',Oak Bluff',Manitoba,R4G0A4,Canada,1 to 4 employees',25200.0,Public Works and Government Services Canada',GEOMATIC SYSTEM TECH',Edmonton,Alberta,T5J4C3,Canada
W7714-207105-001-SV,2019-07-16T00:00:00Z,2020-02-14T00:00:00Z,AZ110140,Product-Material - Design,Development,Formulation,Modification: Science and Technology Related (R&D)',10947440 Canada Limited',Halifax,Nova Scotia',B3P1E1,Canada,1 to 4 employees',207488.0,Department of National Defence',DEFENCE R&D CANADA OTTAWA',Ottawa,Ontario,K1A0Z4,Canada
23483-200183-001-CX,2019-07-11T00:00:00Z,2019-08-30T00:00:00Z,T009A,Audio Visual Production Services',Journeyman Film Company Ltd.',Dartmouth,Nova Scotia',B2Y2S6,Canada,1 to 4 employees',24154.0,Natural Resources Canada',COMMUNICATIONS BR.',Ottawa,Ontario,K1A0E5,Canada
EN578-170432-113-EI,2019-08-13T00:00:00Z,2100-01-31T00:00:00Z,D302A,Informatics Professional Services',Four Point Solutions Ltd.',Ottawa,Ontario,K2E7L6,Canada,20 to 49 employees',0.0,Public Works and Government Services Canada',BUSINESS MANAGEMENT DIR.',Gatineau,Quebec,K1A0H4,Canada
EN578-133044-002-CY,2019-06-28T00:00:00Z,2019-12-31T00:00:00Z,T001H,Stakeholder and Citizen Consultation and Engagement Services',WPP GROUP CANADA COMMUNICATIONS LIMITED',Ottawa,Ontario,K1P6L2,Canada,100 to 199 employees',0.0,Public Works and Government Services Canada',BUSINESS MANAGEMENT DIR.',Gatineau,Quebec,K1A0H4,Canada
E60ZT-180025-094-ZT,2020-02-06T00:00:00Z,2100-01-01T00:00:00Z,D302A,Informatics Professional Services',Cecelia McGuire',Perth,Ontario,K7H2J8,Canada,1 to 4 employees',0.0,Public Works and Government Services Canada',PROF SERV-BUSINESS INITIATIVES',Gatineau,Quebec,K1A0S5,Canada
W3474-201431-001-TOR,2019-10-01T00:00:00Z,2019-12-09T00:00:00Z,N6635,Physical Properties Testing Equipment',I T M INSTRUMENTS INC',Newmarket,Ontario,L3Y9A1,Canada,20 to 49 employees',185749.0,Department of National Defence',8 WING TRENTON,ATESS',Trenton,Ontario,K0K3W0,Canada
W6399-18KC85-001-ZH,2019-06-05T00:00:00Z,2021-06-07T00:00:00Z,U099T,First Aid Training Courses',Assessment and Training Solutions Consulting Corp',Virginia Beach',Virginia,23456,Canada,20 to 49 employees',0.0,Department of National Defence',CANSOFCOM HQ',Ottawa,Ontario,K1A0K2,Canada
E6MON-18PQFL-063-MTR,2019-05-17T00:00:00Z,2019-06-30T00:00:00Z,N8915Z,Fruits and Vegetables',Sysco Canada,Inc.',Quebec,Quebec,G1L3A5,Canada,50 to 99 employees',0.0,Public Works and Government Services Canada',CONSOLIDATED PROC-MON',Montreal,Quebec,H3E1G9,Canada
W0046-190137-001-PI,2019-11-21T00:00:00Z,2020-12-31T00:00:00Z,D317E,Information Products',EBSCO Canada Ltd',Markham,Ontario,L6B0P9,Canada,20 to 49 employees',140445.0,Department of National Defence',ROYAL MILITARY COLLEGE CANADA',Kingston,Ontario,K7K7B4,Canada
EC016-192292-001-PWA,2019-11-21T00:00:00Z,2021-03-31T00:00:00Z,C211D,Architect and Engineering Services - Buildings',Republic Architecture Inc.',Winnipeg,Manitoba,R3C0N1,Canada,20 to 49 employees',319326.0,Public Works and Government Services Canada',A&ES MGR CSC PRGM',Moncton,New Brunswick',E1C1H1,Canada
24062-200524-001-ZM,2020-02-04T00:00:00Z,2020-03-31T00:00:00Z,D317B,Information Retrieval Services,Database',Gartner Canada Co.',Ottawa,Ontario,K1Z8R9,Canada,50 to 99 employees',231476.0,Treasury Board of Canada',MAT.MGNT CTRL SUPPLY RECEIVING',Ottawa,Ontario,K1A0R5,Canada
E60PV-18MS00-004-PV,2020-01-23T00:00:00Z,2022-01-22T00:00:00Z,N6515,Medical and Surgical Instruments,Equipment and Supplies',ATES MDICAL INC.',Saint-bruno,Quebec,J3V2A5,Canada,1 to 4 employees',0.0,Public Works and Government Services Canada',CONSOLIDATED PROC PV ICPSS',Gatineau,Quebec,K1A0S5,Canada
FP959-190007-001-XL,2020-03-27T00:00:00Z,2021-03-31T00:00:00Z,N7030,ADP Software',SAP Canada Inc.',Toronto,Ontario,M5K1B7,Canada,2500 to 4999 employees',1737036.0,Fisheries and Oceans Canada',BUDG,PLAN& RES.MNGT/FMASB',Ottawa,Ontario,K1A0E6,Canada
W0501-190138-001-MCT,2019-10-07T00:00:00Z,2020-09-30T00:00:00Z,S002C,Cablevision Service',Rogers Communications Partnership',Toronto,Ontario,M4W1G9,Canada,5000 employees and over',441713.0,Department of National Defence',CFB GAGETOWN',Oromocto,New Brunswick',E2V4J5,Canada
01633-190809-001-STN,2019-12-20T00:00:00Z,2020-03-31T00:00:00Z,N3720C,Combine,Harvester',HALDRUP USA CORP.',Ossian,Indiana,46777,United States',1 to 4 employees',455774.0,Agriculture and Agri-Food Canada',BRANDON R&D CENTRE',Brandon,Manitoba,R7A5Y3,Canada
EN578-170432-012-EI,2019-08-13T00:00:00Z,2100-01-31T00:00:00Z,D302A,Informatics Professional Services',529040 ONTARIO INC,880382 ONTARIO INC',Ottawa,Ontario,K1N7C7,Canada,20 to 49 employees',0.0,Public Works and Government Services Canada',BUSINESS MANAGEMENT DIR.',Gatineau,Quebec,K1A0H4,Canada
W0103-208548-001-VIC,2020-03-06T00:00:00Z,2022-03-05T00:00:00Z,U008F,Training Analysis and Design Courses',Calian Ltd.',Ottawa,Ontario,K2V1C8,Canada,2500 to 4999 employees',308910.0,Department of National Defence',BASE LOGISTIC OFFICER',Victoria,British Columbia',V9A7N2,Canada
E6TOR-18RM05-029-KIN,2019-10-23T00:00:00Z,2024-06-30T00:00:00Z,V401C,Bus Services',Stock Transportation (North Bay) Limited',North Bay',Ontario,P1B8G4,Canada,50 to 99 employees',0.0,Public Works and Government Services Canada',CONSOLIDATED PROC - TOR',Mississauga,Ontario,L5B2N5,Canada
W7702-206196-001-CAL,2019-09-11T00:00:00Z,2019-10-31T00:00:00Z,N6640,Laboratory Equipment and Supplies',TETRACORE INC.',Rockville,Maryland,20850,United States',1 to 4 employees',26390.0,Department of National Defence',DEFENCE R&D CANADA-SUFFIELD',Medicine Hat',Alberta,T1A8K6,Canada
EN578-100808-322-EE,2020-02-18T00:00:00Z,2023-09-30T00:00:00Z,N7030,ADP Software',Convergent Information Systems,Inc',Calgary,Alberta,T2R0B2,Canada,20 to 49 employees',0.0,Public Works and Government Services Canada',BUSINESS MANAGEMENT DIR.',Gatineau,Quebec,K1A0H4,Canada
M7594-204545-001-QD,2020-03-26T00:00:00Z,2023-03-31T00:00:00Z,N5895,Miscellaneous Communications Equipment',Harris Canada Systems,Inc.',Mississauga,Ontario,L5B2C9,Canada,500 to 999 employees',317155.0,Royal Canadian Mounted Police',HQ PROCURE.&CONTRACT.SERVS',Ottawa,Ontario,K1A0R2,Canada
HT218-184233-001-XL,2019-10-07T00:00:00Z,2019-10-31T00:00:00Z,N7030,ADP Software',Unicom Systems,Inc.',Mission Hills',California,91345,United States',20 to 49 employees',26817.0,Health Canada',KANATA CENTRE OF INNOVATION',Kanata,Ontario,K1A0K9,Canada
31206-185284-001-QCN,2019-06-27T00:00:00Z,2019-08-21T00:00:00Z,N6640,Laboratory Equipment and Supplies',Wainbee Limitee',Mississauga,Ontario,L4Z3S6,Canada,200 to 499 employees',147133.0,National Research Council Canada',N/A,Chicoutimi,Quebec,G7H8C3,Canada
E60PH-19SOGD-013-PH,2019-11-12T00:00:00Z,2022-09-30T00:00:00Z,N6505,Drugs and Biologicals',Valeo Pharma Inc.',Kirkland,Quebec,H9H4R9,Canada,20 to 49 employees',45000.0,Public Works and Government Services Canada',DRUG VACCINES BIO DIV',Gatineau,Quebec,K1A0H4,Canada
W3048-20KH14-001-KIN,2020-01-16T00:00:00Z,2024-03-31T00:00:00Z,N2350EA,Snowmobile,CADEX INC.',St-jean Sur-richelieu',Quebec,J2X5K8,Canada,20 to 49 employees',217504.0,Department of National Defence',NDHQ DWYER HILL TRAINING CTRE',Richmond,Ontario,K0A2Z0,Canada
W8484-209676-001-EE,2020-03-25T00:00:00Z,2021-03-31T00:00:00Z,N7030,ADP Software',PTC (Canada) Inc.',Montreal,Quebec,H4R2N1,Canada,200 to 499 employees',384926.0,Department of National Defence',NDHQ,Ottawa,Ontario,K1A0K2,Canada
EN578-170432-429-EI,2019-08-13T00:00:00Z,2100-01-31T00:00:00Z,D302A,Informatics Professional Services',Mishkumi Technologies Inc.',Ottawa,Ontario,K4A0N9,Canada,1 to 4 employees',0.0,Public Works and Government Services Canada',BUSINESS MANAGEMENT DIR.',Gatineau,Quebec,K1A0H4,Canada
9F064-180806-001-MTB,2019-07-03T00:00:00Z,2020-10-03T00:00:00Z,N5998,Electrical and Electronic Assemblies,Boards,Cards and Associated Hardware',Xiphos Systems Corporation',Montreal,Quebec,H2W1Y5,Canada,5 to 9 employees',62087.0,Canadian Space Agency',TECHNOLOGY DEVELOPMENT',St Hubert',Quebec,J3Y8Y9,Canada
47060-136911-023-EL,2019-05-14T00:00:00Z,2021-01-23T00:00:00Z,D302A,Informatics Professional Services',S.I. SYSTEMS ULC',Ottawa,Ontario,K1P5V5,Canada,200 to 499 employees',1,11E+13',Canada Border Services Agency',FINANCIAL SERVICE DELIVERY CTR',Ottawa,Ontario,K1A0L8,Canada
W7702-196175-001-CAL,2019-05-30T00:00:00Z,2020-06-30T00:00:00Z,N5840,Radar Equipment,Except Airborne',QinetiQ Group Canada Inc',Ottawa,Ontario,K1P6B9,Canada,5 to 9 employees',209999.0,Department of National Defence',DEFENCE R&D CANADA-SUFFIELD',Medicine Hat',Alberta,T1A8K6,Canada
A0318-144325-001-ZG,2019-06-13T00:00:00Z,2020-03-31T00:00:00Z,R199X,Adjudication Services',LYALL GARDINER',Calgary,Alberta,T3B3Y7,Canada,1 to 4 employees',540802.0,Aboriginal Affairs & Northern Development Canada',CHIEF ADJUDICATOR'S OFFICE',Regina,Saskatchewan,S4P0M3,Canada
W168A-16KM11-001-EDM,2020-02-26T00:00:00Z,2020-06-02T00:00:00Z,V401C,Bus Services',golden arrow schoolbuses ltd',Edmonton,Alberta,T5S2G6,Canada,100 to 199 employees',350000.0,Department of National Defence',3 CDSB GARRISON WAINWRIGHT',Denwood,Alberta,T0B1B0,Canada
47419-252068-002-EL,2019-08-05T00:00:00Z,2021-08-04T00:00:00Z,D302A,Informatics Professional Services',CACHE COMPUTER CONSULTING CORP.',Ottawa,Ontario,K1P5H9,Canada,1 to 4 employees',2048930.0,Canada Border Services Agency',NATL INVOICE RECEPTION UNIT',Montreal,Quebec,H2Y2E7,Canada
M7594-204689-001-MD,2020-03-30T00:00:00Z,2021-03-29T00:00:00Z,N2090,Ship and Marine Miscellaneous Equipment',Professional Components Ltd.',Sidney,British Columbia',V8L5Y1,Canada,20 to 49 employees',129010.0,Royal Canadian Mounted Police',HQ PROCURE.&CONTRACT.SERVS',Ottawa,Ontario,K1A0R2,Canada
W8486-206703-001-HL,2020-03-19T00:00:00Z,2021-12-31T00:00:00Z,N4440,Dryers,Dehydrators and Anhydrators',Kaycom Incorporated',Pointe-claire,Quebec,H9R5N2,Canada,5 to 9 employees',282376.0,Department of National Defence',NDHQ DGLEPM',Ottawa,Ontario,K1A0K2,Canada
W1786-160016-001-ZM,2019-12-31T00:00:00Z,2020-06-30T00:00:00Z,D302A,Informatics Professional Services',ESRI Canada Limited.',Ottawa,Ontario,K1Z1G3,Canada,200 to 499 employees',1987681.0,Department of National Defence',MCE,Ottawa,Ontario,K1A0K2,Canada
19190-190067-001-CY,2019-09-10T00:00:00Z,2020-08-30T00:00:00Z,R116A,Court Reporting Services',Reportex Agencies Ltd.',Vancouver,British Columbia',V6C3L2,Canada,5 to 9 employees',186993.0,Department of Justice Canada',BC REGIONAL OFFICE',Vancouver,British Columbia',V6Z2S9,Canada
HT391-182812-001-EE,2019-05-13T00:00:00Z,2020-03-31T00:00:00Z,N7030,ADP Software',Leadscope Inc',Columbus,Ohio,43215,United States',10 to 19 employees',237900.0,Health Canada',RISK ASSESSMENT BUREAU',Ottawa,Ontario,K1A0K9,Canada
EZ108-193089-002-TPV,2019-07-04T00:00:00Z,2019-11-01T00:00:00Z,C119F,Engineering Services - Buildings',Republic Architecture Inc.',Winnipeg,Manitoba,R3C0N1,Canada,20 to 49 employees',91834.0,Public Works and Government Services Canada',ALASKA HGHWY',Vancouver,British Columbia',V6Z0B9,Canada
W8486-195099-001-HP,2020-01-13T00:00:00Z,2022-03-31T00:00:00Z,N2320,Trucks and Truck Tractors,Wheeled',Bill Clouthier & Sons Ltd',Pembroke,Ontario,K8A6W5,Canada,20 to 49 employees',1695000.0,Department of National Defence',NDHQ DGLEPM',Ottawa,Ontario,K1A0K2,Canada
E60PH-18HEPB-001-PH,2019-04-10T00:00:00Z,2020-03-31T00:00:00Z,N6505,Drugs and Biologicals',GlaxoSmithKline Inc.',Mississauga,Ontario,L5N6L4,Canada,1000 to 1499 employees',2,38E+14',Public Works and Government Services Canada',DRUG VACCINES BIO DIV',Gatineau,Quebec,K1A0H4,Canada
F7047-170068-001-ERD,2019-08-26T00:00:00Z,2020-12-31T00:00:00Z,N4235,Hazardous Material Spill Containment and Clean-up Equipment and Material',PK Welding & Fabricators Inc.',Oshawa,Ontario,L1J5Y6,Canada,20 to 49 employees',8331610.0,Fisheries and Oceans Canada',CCG DIRECTOR SERVICES DELIVERY',Ottawa,Ontario,K1A0E6,Canada
EZ899-191472-001-TPV,2019-11-01T00:00:00Z,2020-03-31T00:00:00Z,C219C,Engineering Services',Wedler Engineering LLP',Courtenay,British Columbia',V9N3N6,Canada,20 to 49 employees',74131.0,Public Works and Government Services Canada',P&T SERVS PRJCT MGNT',Vancouver,British Columbia',V6Z0B9,Canada
EW038-181771-001-PWU,2020-03-24T00:00:00Z,2020-08-31T00:00:00Z,C119A,Architectual Services - Buildings',Guy Architects Ltd',Yellowknife,Northwest Territories',X1A2N8,Canada,5 to 9 employees',35180.0,Public Works and Government Services Canada',RPB ADMINISTRATION',Edmonton,Alberta,T5J1S6,Canada
47000-159176-001-CW,2019-06-26T00:00:00Z,2020-01-31T00:00:00Z,T014A,Publications,MOORE CANADA CORPORATION',Mississauga,Ontario,L5T2X1,Canada,5000 employees and over',3503000.0,Canada Border Services Agency',CONTRACTING &MATERIAL MGNT DIV',Ottawa,Ontario,K1A0L8,Canada
FP825-210005-001-CY,2020-02-20T00:00:00Z,2021-03-31T00:00:00Z,T004JD,Press Release Distribution',CNW GROUP LTD.',Ottawa,Ontario,K1P1H4,Canada,200 to 499 employees',38307.0,Fisheries and Oceans Canada',COMMUNICATIONS DIRECTORATE',Ottawa,Ontario,K1A0E6,Canada
W8486-20XA18-001-BK,2020-03-06T00:00:00Z,2021-12-31T00:00:00Z,N1375,Demolition Materials',GENERAL DYNAMICS ORDNANCE AND TACTICAL SYSTEMS - CANADA INC.',Repentigny,Quebec,J5Z2P4,Canada,1000 to 1499 employees',1308239.0,Department of National Defence',NDHQ DGLEPM',Ottawa,Ontario,K1A0K2,Canada
U7650-198743-001-CY,2019-08-28T00:00:00Z,2020-08-31T00:00:00Z,T004K,Media Monitoring Services',CISION CANADA INC.',Ottawa,Ontario,K1P1H4,Canada,200 to 499 employees',45200.0,Industry Canada',FEDNOR,Sudbury,Ontario,P3E3L4,Canada
6D063-192901-001-SV,2019-11-14T00:00:00Z,2021-03-31T00:00:00Z,AD917712,Biological Defence Technology (R&D)',Sunnybrook Research Academy',Toronto,Ontario,M4N3M5,Canada,20 to 49 employees',70000.0,Public Health Agency of Canada',CDN SCIENCE CTR HUM.&ANL HLTH',Winnipeg,Manitoba,R3E3P6,Canada
W0113-16CS01-001-TOR,2019-10-10T00:00:00Z,2020-10-31T00:00:00Z,K108A,Laundry and Dry Cleaning Services',1035128 ontario ltd',Alliston,Ontario,L9R1E9,Canada,5 to 9 employees',1500000.0,Department of National Defence',CFSTG COMPTROLLER',Borden,Ontario,L0M1C0,Canada
W8486-20XA04-001-BK,2020-03-04T00:00:00Z,2021-12-31T00:00:00Z,N1305,Ammunition,through 30mm',GENERAL DYNAMICS ORDNANCE AND TACTICAL SYSTEMS - CANADA INC.',Repentigny,Quebec,J5Z2P4,Canada,1000 to 1499 employees',4617240.0,Department of National Defence',NDHQ DGLEPM',Ottawa,Ontario,K1A0K2,Canada
EN537-05IT01-183-EI,2019-08-13T00:00:00Z,2016-05-31T00:00:00Z,D302A,Informatics Professional Services',Entaros Corp.',Oakville,Ontario,L6J7W4,Canada,5 to 9 employees',1.0,Public Works and Government Services Canada',SOSB SIPS SECTOR',Gatineau,Quebec,K1A0S5,Canada
W0103-197608-001-VIC,2019-06-06T00:00:00Z,2019-07-31T00:00:00Z,T014AC,Printing,Web',Black Press Group Ltd.',Abbotsford,British Columbia',V2S4P4,Canada,1500 to 2499 employees',105000.0,Department of National Defence',BASE LOGISTIC OFFICER',Victoria,British Columbia',V9A7N2,Canada
08127-120293-001-LM,2020-02-13T00:00:00Z,2020-07-31T00:00:00Z,V001A,Freight and Cargo Services',BOLLOR LOGISTIQUES CANADA INC. BOLLOR LOGISTICS CANADA INC.',Saint Laurent',Quebec,H4S1Y6,Canada,200 to 499 employees',0.0,Foreign Affairs,Trade And Development (Department Of)',HAM AREA MGNT ADVSOR - HR',Ottawa,Ontario,K1A0G2,Canada
E6TOR-16NM01-001-KIN,2020-02-27T00:00:00Z,2022-03-31T00:00:00Z,N7320,Kitchen Equipment and Appliances',Bargreen-Ellingson Canada',Vancouver,British Columbia',V6A4B9,Canada,10 to 19 employees',1.4E7,Public Works and Government Services Canada',CONSOLIDATED PROC - TOR',Mississauga,Ontario,L5B2N5,Canada
EW699-104361-001-NCS,2019-05-31T00:00:00Z,2015-05-31T00:00:00Z,E108F,Northern Contaminated Site Environmental Clean-up Work-Services',AECOM Canada Ltd.',Edmonton,Alberta,T5S0C2,Canada,5000 employees and over',9824850.0,Public Works and Government Services Canada',ENVIRONMENTAL SERVS',Edmonton,Alberta,T5J1S6,Canada
EF944-190665-001-QCM,2020-03-12T00:00:00Z,2020-09-30T00:00:00Z,K107A,Landscaping and Horticultural Services',MIKE HANNEN',Montreal,Quebec,H3Z1B8,Canada,Self-employed,18225.0,Public Works and Government Services Canada',CST 4 - HEALTH',Montreal,Quebec,H5A1L6,Canada
EN578-150098-024-CX,2019-06-17T00:00:00Z,2019-09-30T00:00:00Z,T009A,Audio Visual Production Services',3763455 CANADA INC.',Ottawa,Ontario,K2P2H3,Canada,5 to 9 employees',0.0,Public Works and Government Services Canada',BUSINESS MANAGEMENT DIR.',Gatineau,Quebec,K1A0H4,Canada
EN537-05IT01-108-EI,2019-08-13T00:00:00Z,2100-01-31T00:00:00Z,D302A,Informatics Professional Services',Sylogix Consulting Inc.',Markham,Ontario,L3P1W2,Canada,10 to 19 employees',0.0,Public Works and Government Services Canada',SOSB SIPS SECTOR',Gatineau,Quebec,K1A0S5,Canada
W8486-184427-001-BL,2020-01-13T00:00:00Z,2020-03-31T00:00:00Z,N2530,Vehicular Brake,Steering,Axle,Wheel and Track Components',Soucy International Inc.',Drummondville,Quebec,J2B6W3,Canada,1000 to 1499 employees',661107.0,Department of National Defence',NDHQ DGLEPM',Ottawa,Ontario,K1A0K2,Canada
H1180-183032-015-CZ,2019-04-16T00:00:00Z,2019-07-30T00:00:00Z,T003AG,Advertising Related Services',Technologies AdGear Inc.',Montreal,Quebec,H2Y2H2,Canada,20 to 49 employees',10935.0,Health Canada',PUBLIC HEALTH - COMMS & PABRNC',Ottawa,Ontario,K1A0K9,Canada
EN578-170432-380-EI,2019-08-13T00:00:00Z,2100-01-31T00:00:00Z,D302A,Informatics Professional Services',Lim Geomatics Inc.',Ottawa,Ontario,K2H7N9,Canada,1 to 4 employees',0.0,Public Works and Government Services Canada',BUSINESS MANAGEMENT DIR.',Gatineau,Quebec,K1A0H4,Canada
EC015-170568-001-PWA,2020-02-04T00:00:00Z,2020-11-30T00:00:00Z,C122A,Architectural & Engineering Services - Highways,Roads,Railways,Bridges and Dams',CBCL Limited',Halifax,Nova Scotia',B3J2R7,Canada,200 to 499 employees',491163.0,Public Works and Government Services Canada',A&ES MARINE',Moncton,New Brunswick',E1C1H1,Canada
W8484-16ML32-001-USW,2019-05-22T00:00:00Z,2026-05-22T00:00:00Z,N1615,Helicopter Rotor Blades,Drive,Mechanisms and Components',UNITED STATES DEPARTMENT OF THE ARMY (USASAC)',Redstone Arsenal',Alabama,35898-5000,United States',5 to 9 employees',1,21E+14',Department of National Defence',NDHQ,Ottawa,Ontario,K1A0K2,Canada
EA003-171212-001-PWA,2020-02-27T00:00:00Z,2017-12-01T00:00:00Z,C119A,Architectual Services - Buildings',Fougere Menchenton Architecture Inc.',St. John's',Newfoundland and Labrador',A1A5B2,Canada,10 to 19 employees',599106.0,Public Works and Government Services Canada',PROJECT MGNT RPS',St Johns',Newfoundland and Labrador',A1C5T2,Canada
B8986-170400-001-ZM,2019-06-20T00:00:00Z,2020-07-19T00:00:00Z,D302A,Informatics Professional Services',Veritaaq Technology House Inc.',Ottawa,Ontario,K2C3T2,Canada,20 to 49 employees',1,06E+14',Citizenship and Immigration Canada',GCMS PROJECT',Ottawa,Ontario,K1A1L1,Canada
UT849-209391-001-SC,2020-03-13T00:00:00Z,2020-11-30T00:00:00Z,AJ212516,Communications Network Software (R&D)',7893159 Canada Inc.',Montreal,Quebec,H3C2M7,Canada,5 to 9 employees',629966.0,Industry Canada',INNOVATION CANADA SECTOR',Ottawa,Ontario,K1A0H5,Canada
E6HAL-200001-003-HAL,2020-02-26T00:00:00Z,2021-02-28T00:00:00Z,N8905,Meat,Poultry and Fish (replaced by gsin N8905Z)',Sysco Canada,Inc.',Lakeside,Nova Scotia',B3T1M5,Canada,500 to 999 employees',333333.0,Public Works and Government Services Canada',VARIOUS GOVERNMENT DEPARTMENTS',Xxx,Nova Scotia',B3J3C9,Canada
E6VIC-180001-005-VIC,2019-12-17T00:00:00Z,2020-02-29T00:00:00Z,N8905Z,Meat,Poultry and Fish',Sysco Victoria,Inc.',Victoria,British Columbia',V9B0B2,Canada,100 to 199 employees',1844900.0,Public Works and Government Services Canada',CONSOLIDATED PROC VIC',Victoria,British Columbia',V8W3X4,Canada
EN960-192231-036-ZF,2019-05-03T00:00:00Z,2020-06-30T00:00:00Z,R109B,Language Interpretation Services',DAPHNE MILLER-BEAUROY',Toronto,Ontario,M5S1L7,Canada,1 to 4 employees',100000.0,Public Works and Government Services Canada',CONFERENCE INTERPRETATION',Ottawa,Ontario,K1A0S5,Canada
EN578-180486-006-CY,2019-06-25T00:00:00Z,2020-06-30T00:00:00Z,T000GA,Communication Promotional Material (including printing and identification)',SZM Promotions',Montreal,Quebec,H3W1G5,Canada,5 to 9 employees',0.0,Public Works and Government Services Canada',BUSINESS MANAGEMENT DIR.',Gatineau,Quebec,K1A0H4,Canada
5A051-193331-001-STN,2020-02-14T00:00:00Z,2020-03-31T00:00:00Z,N2310M,Passenger Motor Vehicles - Special Vehicles - Buses - Motor Homes',Grove RV and Leisure',Spruce Grove',Alberta,T7X3A4,Canada,20 to 49 employees',334950.0,Indigenous Services Canada',MS HEALTH CENTER',Little Current',Ontario,P0P1K0,Canada
EN438-199002-001-KIN,2019-10-15T00:00:00Z,2021-03-31T00:00:00Z,K114B,Septic Tank-Latrine Service',2696235 ONTARIO LIMITED',Sarnia,Ontario,N7T7W1,Canada,20 to 49 employees',24860.0,Public Works and Government Services Canada',ENVIRONMENTAL SERVICES',Ottawa,Ontario,K1A0S5,Canada
W6570-20MO02-001-WPG,2019-07-24T00:00:00Z,2022-08-31T00:00:00Z,V502B,Hotels,Motels and Commercial Accommodation',Yukon It Consultants Inc.',Ajax,Ontario,L1Z0P6,Canada,1 to 4 employees',799486.0,Department of National Defence',2 CANADIAN AIR DIVISION HQ',Winnipeg,Manitoba,R3J3Y5,Canada
EW703-162079-001-EDM,2020-02-26T00:00:00Z,2021-04-12T00:00:00Z,R118A,Real Estate Broker Services',CW WINNIPEG INC.',Winnipeg,Manitoba,R3C0M6,Canada,10 to 19 employees',189000.0,Public Works and Government Services Canada',REAL ESTATE SERV,WESTERN RGN',Edmonton,Alberta,T5J1S6,Canada
E60PI-150002-001-PI,2019-07-31T00:00:00Z,2019-11-30T00:00:00Z,D317E,Information Products',THE D&B COMPANIES OF CANADA ULC',Toronto,Ontario,M5W5M5,Canada,50 to 99 employees',0.0,Public Works and Government Services Canada',INFORMATION PRODUCTS DIVISION',Gatineau,Quebec,K1A0S5,Canada
W6399-20LC13-001-XL,2020-03-31T00:00:00Z,2021-03-31T00:00:00Z,N7030,ADP Software',YoppWorks Inc.',Ottawa,Ontario,K2K3C9,Canada,5 to 9 employees',348424.0,Department of National Defence',CANSOFCOM HQ',Ottawa,Ontario,K1A0K2,Canada
W8495-06BA01-001-SSC,2019-12-18T00:00:00Z,2014-12-31T00:00:00Z,N1560,Airframe Structural Components',LOCKHEED MARTIN CORPORATION',Marietta,Georgia,30063,United States',1500 to 2499 employees',3,02E+16',Department of National Defence',DITIS DNDCC D ELLIOTT',Ottawa,Ontario,K2C0K2,Canada
E60ZT-18TSSO-117-ZT,2019-04-16T00:00:00Z,2021-05-31T00:00:00Z,R019BF,Human Resource Services,Business Consulting-Change Management; Project Management Services',Lansdowne Technologies Inc.',Ottawa,Ontario,K1P5H9,Canada,10 to 19 employees',0.0,Public Works and Government Services Canada',PROF SERV-BUSINESS INITIATIVES',Gatineau,Quebec,K1A0S5,Canada
F6855-190908-001-OLZ,2019-10-11T00:00:00Z,2020-02-29T00:00:00Z,JX1990A,Ships and Vessels (large) - Repair,Refits and Conversions (including Dry Docking)',St John's Dockyard Limited',St. John's',Newfoundland and Labrador',A1E6B5,Canada,100 to 199 employees',4673705.0,Fisheries and Oceans Canada',CCG SUPVR ENGINEERING',St Johns',Newfoundland and Labrador',A1C5X1,Canada
45045-180071-001-XL,2019-05-17T00:00:00Z,2022-03-31T00:00:00Z,N7030,ADP Software',Lucidworks,Inc.',San Francisco',California,94104,United States',200 to 499 employees',104750.0,Statistics Canada',MATL&CONTRACTS SERVS',Ottawa,Ontario,K1A0T6,Canada
M7594-205707-001-PQ,2020-01-31T00:00:00Z,2020-06-29T00:00:00Z,N7110,Office Furniture',ABI-Advanced Business Interiors Inc.',Ottawa,Ontario,K1G4L2,Canada,100 to 199 employees',103171.0,Royal Canadian Mounted Police',HQ PROCURE.&CONTRACT.SERVS',Ottawa,Ontario,K1A0R2,Canada
E60PI-18JRNL-008-PI,2019-12-19T00:00:00Z,2020-12-31T00:00:00Z,D317E,Information Products',ProQuest LLC',Ann Arbor',Michigan,481061346,United States',1500 to 2499 employees',0.0,Public Works and Government Services Canada',INFORMATION PRODUCTS DIVISION',Gatineau,Quebec,K1A0S5,Canada
31184-188943-001-PV,2019-06-07T00:00:00Z,2020-06-05T00:00:00Z,N6640,Laboratory Equipment and Supplies',B&B Biomedical Inc.',Gloucester,Ontario,K1T3X1,Canada,1 to 4 employees',79944.0,National Research Council Canada',ADMIN.SERVS & PROPERTY MGNT BR',Ottawa,Ontario,K1A0R6,Canada
W0113-140038-001-TOR,2020-02-13T00:00:00Z,2021-03-30T00:00:00Z,JX4930,Lubricating and Fuel Dispensing Equipment - Repair and Overhaul',Kardtech Inc.',Brampton,Ontario,L6T5A1,Canada,10 to 19 employees',265550.0,Department of National Defence',CFSTG COMPTROLLER',Borden,Ontario,L0M1C0,Canada
EE519-200074-001-QCM,2019-10-04T00:00:00Z,2020-10-31T00:00:00Z,K113B,Snow Removal and Salt Service',Transport J.G.L. 2010 Inc.',tang Du Nord',Quebec,G4T3L4,Canada,10 to 19 employees',51739.0,Public Works and Government Services Canada',CST 1-DFO/TC',Rimouski,Quebec,G5L5H9,Canada
EN578-170432-090-EI,2019-08-13T00:00:00Z,2100-01-31T00:00:00Z,D302A,Informatics Professional Services',DLS Technology Corporation',Ottawa,Ontario,K1H7Y3,Canada,5 to 9 employees',0.0,Public Works and Government Services Canada',BUSINESS MANAGEMENT DIR.',Gatineau,Quebec,K1A0H4,Canada
EN579-190342-001-SC,2019-05-01T00:00:00Z,2019-07-22T00:00:00Z,AZ110254,System Design,Development and Testing: Science and Technology Related (R&D)',Datifex,Inc.',Toronto,Ontario,M4G3K7,Canada,5 to 9 employees',601830.0,Public Works and Government Services Canada',CDN INNOVAT'N COMMERCIAL-CICP',Hull,Quebec,K1A0S5,Canada
EP076-201797-002-PQ,2019-12-11T00:00:00Z,2020-03-31T00:00:00Z,N7110,Office Furniture',LES INDUSTRIES ROUILLARD INC.',Quebec,Quebec,G1E3G1,Canada,50 to 99 employees',20472.0,Public Works and Government Services Canada',NCSU ND CSU #1 RPT4',Ottawa,Ontario,K1A0S5,Canada
E6TOR-16RM02-096-TOR,2019-05-17T00:00:00Z,2020-05-31T00:00:00Z,R201AA,Temporary Help Services,General Office Support',BAGG INC.',Toronto,Ontario,M5H2W9,Canada,50 to 99 employees',300000.0,Public Works and Government Services Canada',CONSOLIDATED PROC - TOR',Mississauga,Ontario,L5B2N5,Canada
EN579-192398-001-SC,2019-05-01T00:00:00Z,2019-09-06T00:00:00Z,AJ212516,Communications Network Software (R&D)',Heritage River Enterprises inc.',Mount Stewart',Prince Edward Island',C0A1T0,Canada,1 to 4 employees',571136.0,Public Works and Government Services Canada',CDN INNOVAT'N COMMERCIAL-CICP',Hull,Quebec,K1A0S5,Canada
W7714-207078-001-SV,2019-07-23T00:00:00Z,2022-07-23T00:00:00Z,AZ110140,Product-Material - Design,Development,Formulation,Modification: Science and Technology Related (R&D)',EXCELITAS CANADA INC.',Vaudreuil,Quebec,J7V8P7,Canada,200 to 499 employees',1722739.0,Department of National Defence',DEFENCE R&D CANADA OTTAWA',Ottawa,Ontario,K1A0Z4,Canada
EA003-192423-001-PWD,2019-05-23T00:00:00Z,2019-05-22T00:00:00Z,5161C,Air Distribution Systems - Installation and Repair',R&R HVAC & Controls Ltd',Cbs,Newfoundland and Labrador',A1W4S5,Canada,5 to 9 employees',145004.0,Public Works and Government Services Canada',PROJECT MGNT RPS',St Johns',Newfoundland and Labrador',A1C5T2,Canada
24062-150208-003-EL,2020-01-10T00:00:00Z,2020-11-08T00:00:00Z,R019BF,Human Resource Services,Business Consulting-Change Management; Project Management Services',IBM CANADA LIMITED-IBM CANADA LIMITE',Ottawa,Ontario,K1G4K9,Canada,5000 employees and over',1,63E+14',Treasury Board of Canada',MAT.MGNT CTRL SUPPLY RECEIVING',Ottawa,Ontario,K1A0R5,Canada
1W190-200171-001-CY,2019-07-18T00:00:00Z,2020-07-18T00:00:00Z,T004JD,Press Release Distribution',CNW GROUP LTD.',Ottawa,Ontario,K1P1H4,Canada,200 to 499 employees',33493.0,Status of Women Canada',N/A,Ottawa,Ontario,K1G3H6,Canada
EF245-193429-001-MTA,2019-07-12T00:00:00Z,2024-10-31T00:00:00Z,N7195,Miscellaneous Furniture and Fixtures',LES SOLUTIONS SPACESAVER INC.',Dorval,Quebec,H9P2S4,Canada,5 to 9 employees',668111.0,Public Works and Government Services Canada',PROJECT MANAGEMENT',Montreal,Quebec,H5A1L6,Canada
E6TOR-19RM03-001-KIN,2019-10-25T00:00:00Z,2024-10-31T00:00:00Z,N9515B,STEEL SHEET',Russel Metals Inc.',Kingston,Ontario,K7M6C2,Canada,20 to 49 employees',1.1E7,Public Works and Government Services Canada',CONSOLIDATED PROC - TOR',Mississauga,Ontario,L5B2N5,Canada
EQ754-201976-002-TOR,2020-01-22T00:00:00Z,2020-04-01T00:00:00Z,N7110,Office Furniture',Global Total Office',Toronto,Ontario,M3J2J7,Canada,500 to 999 employees',2321.0,Public Works and Government Services Canada',ONT PTS PROJECT MGT',Toronto,Ontario,M2N6A6,Canada
0D160-203892-001-PI,2020-01-28T00:00:00Z,2020-12-31T00:00:00Z,D317E,Information Products',LM Information Delivery Inc.',Easton,Pennsylvania,18042,United States',100 to 199 employees',189000.0,Public Safety and Emergency Preparedness Canada',CONTRACTING DIVISION',Ottawa,Ontario,K1A0P8,Canada
EN578-170432-355-EI,2019-08-13T00:00:00Z,2100-01-31T00:00:00Z,D302A,Informatics Professional Services',Titus International Inc.,Orangutech Inc.,Xindigo Inc.,The KTL Group Inc.,in JOINT VENTURE',Ottawa,Ontario,K1P5E7,Canada,10 to 19 employees',0.0,Public Works and Government Services Canada',BUSINESS MANAGEMENT DIR.',Gatineau,Quebec,K1A0H4,Canada
ET025-191329-001-PWZ,2019-06-27T00:00:00Z,2019-06-25T00:00:00Z,5169C,Elevator Installation',Canotech Consultants Ltd',Winnipeg,Manitoba,R2V4R9,Canada,5 to 9 employees',654776.0,Public Works and Government Services Canada',REAL PROPERTY SERVS',Winnipeg,Manitoba,R3B0T6,Canada
B8910-200129-001-XL,2020-02-24T00:00:00Z,2021-03-19T00:00:00Z,N7030,ADP Software',A.Net Solutions Inc.',Gatineau,Quebec,J8X1W2,Canada,5 to 9 employees',27538.0,Citizenship and Immigration Canada',CORP PORTFOLIO&PARTNERSHIP MGT',Ottawa,Ontario,K1A1L1,Canada
EN578-170432-167-EI,2019-08-13T00:00:00Z,2100-01-31T00:00:00Z,D302A,Informatics Professional Services',LABOR TEK PERSONNEL SERVICES LTD - LABOR TEK SERVICES DE PERSONNEL LTEE',Ottawa,Ontario,K1B3M4,Canada,100 to 199 employees',0.0,Public Works and Government Services Canada',BUSINESS MANAGEMENT DIR.',Gatineau,Quebec,K1A0H4,Canada
EN578-170432-376-EI,2019-08-13T00:00:00Z,2100-01-31T00:00:00Z,D302A,Informatics Professional Services',InSync Systems Inc.',Calgary,Alberta,T2M3Y7,Canada,20 to 49 employees',0.0,Public Works and Government Services Canada',BUSINESS MANAGEMENT DIR.',Gatineau,Quebec,K1A0H4,Canada
E60ZH-1800LS-006-ZH,2019-07-30T00:00:00Z,2020-06-30T00:00:00Z,U008P,End-to-End Learning Services (Excludes COTS Training)',Hyperactive Productions Inc.',Ottawa,Ontario,K2E1A3,Canada,10 to 19 employees',0.0,Public Works and Government Services Canada',CONSOLIDATED PROC-ZH SIPS',Gatineau,Quebec,K1A0S5,Canada
EZ899-160994-001-TPV,2019-11-07T00:00:00Z,2021-03-31T00:00:00Z,C119F,Engineering Services - Buildings',Stantec Consulting Ltd. (Vancouver)',Vancouver,British Columbia',V6B6A3,Canada,200 to 499 employees',578318.0,Public Works and Government Services Canada',P&T SERVS PRJCT MGNT',Vancouver,British Columbia',V6Z0B9,Canada
EC015-201236-001-PWJ,2019-12-30T00:00:00Z,2022-12-31T00:00:00Z,5139D,General Marine Construction Work',titanium construction ltee',Pokemouche,New Brunswick',E8P1L5,Canada,1 to 4 employees',1,38E+14',Public Works and Government Services Canada',A&ES MARINE',Moncton,New Brunswick',E1C1H1,Canada
EP758-180363-001-PPS,2019-08-02T00:00:00Z,2019-05-15T00:00:00Z,N7110,Office Furniture',ASOKAN BUSINESS INTERIORS INC.',Gatineau,Quebec,J8X4B5,Canada,10 to 19 employees',2702239.0,Public Works and Government Services Canada',OPERATIONS,Ottawa,Ontario,K1P5B9,Canada
E60ZH-140001-035-ZH,2019-10-10T00:00:00Z,2027-03-31T00:00:00Z,U009E,Informatics Training',Algonquin College of Applied Arts and Technology',Ottawa,Ontario,K2G1V8,Canada,2500 to 4999 employees',0.0,Public Works and Government Services Canada',CONSOLIDATED PROC-ZH SIPS',Gatineau,Quebec,K1A0S5,Canada
W0053-19Y054-001-TOR,2019-10-02T00:00:00Z,2024-10-01T00:00:00Z,N6140,Batteries,Rechargeable',NICA-Power Battery Corp.',Mississauga,Ontario,L4W3A1,Canada,10 to 19 employees',53562.0,Department of National Defence',8 WING TRENTON WTISS SUPPLY',Trenton,Ontario,K0K3W0,Canada
W8486-20XA07-001-BK,2020-03-04T00:00:00Z,2021-12-31T00:00:00Z,N1305,Ammunition,through 30mm',GENERAL DYNAMICS ORDNANCE AND TACTICAL SYSTEMS - CANADA INC.',Repentigny,Quebec,J5Z2P4,Canada,1000 to 1499 employees',1645348.0,Department of National Defence',NDHQ DGLEPM',Ottawa,Ontario,K1A0K2,Canada
W0114-190007-001-TOR,2019-11-20T00:00:00Z,2020-10-30T00:00:00Z,N5895,Miscellaneous Communications Equipment',Felix Technology Inc.',Concord,Ontario,L4K3S4,Canada,5 to 9 employees',170517.0,Department of National Defence',BASE CMDR CFB ASU KINGSTON',Kingston,Ontario,K7K7B4,Canada
EN960-192231-136-ZF,2019-05-14T00:00:00Z,2020-06-30T00:00:00Z,R109B,Language Interpretation Services',Claire Breton',Ottawa,Ontario,K4B1H9,Canada,1 to 4 employees',100000.0,Public Works and Government Services Canada',CONFERENCE INTERPRETATION',Ottawa,Ontario,K1A0S5,Canada
EZ899-191962-003-TPV,2019-11-14T00:00:00Z,2022-07-31T00:00:00Z,C122A,Architectural & Engineering Services - Highways,Roads,Railways,Bridges and Dams',SNC-Lavalin Inc',Vancouver,British Columbia',V6E0C5,Canada,5000 employees and over',0.0,Public Works and Government Services Canada',P&T SERVS PRJCT MGNT',Vancouver,British Columbia',V6Z0B9,Canada
EQ754-202084-001-PWL,2019-11-29T00:00:00Z,2020-03-06T00:00:00Z,C122A,Architectural & Engineering Services - Highways,Roads,Railways,Bridges and Dams',SNC-Lavalin Inc.',Toronto,Ontario,M9C5K1,Canada,5000 employees and over',130688.0,Public Works and Government Services Canada',ONT PTS PROJECT MGT',Toronto,Ontario,M2N6A6,Canada
EZ899-180211-001-VIC,2019-08-28T00:00:00Z,2019-12-31T00:00:00Z,N7110,Office Furniture',Teknion Limited',Downsview,Ontario,M3J2J5,Canada,2500 to 4999 employees',1800332.0,Public Works and Government Services Canada',P&T SERVS PRJCT MGNT',Vancouver,British Columbia',V6Z0B9,Canada
W0125-190030-001-TOR,2019-10-25T00:00:00Z,2020-03-31T00:00:00Z,U099BA,Pilot Training Services,Aircraft',3591514 CANADA INC',Alfred-plantagenet,Ontario,K0B1L0,Canada,1 to 4 employees',89496.0,Department of National Defence',8 WING TRENTON',Astra,Ontario,K0K3W0,Canada
W8482-182160-001-VCI,2019-07-05T00:00:00Z,2019-10-14T00:00:00Z,N4730,Hose,Pipe,Tube,Lubrication,and Railing Fittings',SIMEX DEFENCE INC. - DEFENSE SIMEX INC.',Pointe-claire,Quebec,H9R1A6,Canada,10 to 19 employees',211138.0,Department of National Defence',NDHQ,Ottawa,Ontario,K1A0K2,Canada
F5561-200004-001-HAL,2019-12-20T00:00:00Z,2020-03-20T00:00:00Z,N2010H,Marine Transmissions,Reverse and Reduction Gears',Marindustrial Inc.',Moncton,New Brunswick',E1H3N4,Canada,5 to 9 employees',30841.0,Fisheries and Oceans Canada',MARINE ENGINEERING',Dartmouth,Nova Scotia',B2Y4A2,Canada
E60ZT-180027-170-ZT,2019-05-22T00:00:00Z,2100-01-01T00:00:00Z,D302A,Informatics Professional Services',The Bell Telephone Company of Canada or Bell Canada-La Compagnie de Tlphone Bell du Canada ou Bell Canada',Ottawa,Ontario,K2P2C4,Canada,1500 to 2499 employees',0.0,Public Works and Government Services Canada',PROF SERV-BUSINESS INITIATIVES',Gatineau,Quebec,K1A0S5,Canada
EE517-200942-001-QCM,2019-11-01T00:00:00Z,2020-05-31T00:00:00Z,K113B,Snow Removal and Salt Service',LOCATION D EQUIPEMENT KEVIN INC',Lourdes De Blanc Sablon',Quebec,G0G1W0,Canada,1 to 4 employees',37767.0,Public Works and Government Services Canada',CST 1-DFO/TC',Quebec,Quebec,G1J0C7,Canada
E0276-200119-001-VIC,2019-05-29T00:00:00Z,2019-09-30T00:00:00Z,N7110,Office Furniture',Nitam Solutions Inc',Ottawa,Ontario,K1B4N4,Canada,1 to 4 employees',22610.0,Public Works and Government Services Canada',REGIONAL DIRECTOR PACIFIC',Vancouver,British Columbia',V6Z0B9,Canada
W6369-16A080-001-PV,2019-07-18T00:00:00Z,2020-10-11T00:00:00Z,N6515,Medical and Surgical Instruments,Equipment and Supplies',Ortho-Clinical Diagnostics Canada Holdings Corporation',Markham,Ontario,L3R4G5,Canada,50 to 99 employees',497200.0,Department of National Defence',DG PROC.SVCS',Ottawa,Ontario,K1A0K2,Canada
EN578-170432-025-EI,2019-08-13T00:00:00Z,2100-01-31T00:00:00Z,D302A,Informatics Professional Services',Adhartas Consulting Inc.',Orleans,Ontario,K1E2R8,Canada,5 to 9 employees',0.0,Public Works and Government Services Canada',BUSINESS MANAGEMENT DIR.',Gatineau,Quebec,K1A0H4,Canada
W8476-190650-001-QT,2020-02-19T00:00:00Z,2025-02-19T00:00:00Z,N5840,Radar Equipment,Except Airborne',The Deltic Group Inc.',Oakville,Ontario,L6L3T3,Canada,1 to 4 employees',1154490.0,Department of National Defence',DGLEPM CAPITAL',Ottawa,Ontario,K1A0K2,Canada
E6VIC-180001-002-VIC,2019-12-06T00:00:00Z,2020-02-29T00:00:00Z,N8905Z,Meat,Poultry and Fish',ISLANDS WEST MANUFACTERS LTD',Victoria,British Columbia',V8X2N2,Canada,20 to 49 employees',967100.0,Public Works and Government Services Canada',CONSOLIDATED PROC VIC',Victoria,British Columbia',V8W3X4,Canada
21201-201697-003-MCT,2019-07-19T00:00:00Z,2020-07-31T00:00:00Z,N8920ZC,Groceries,Miscellaneous',Sysco Canada,Inc.',Moncton,New Brunswick',E1H2K1,Canada,100 to 199 employees',96400.0,Correctional Service of Canada',ATLANTIC REGIONAL HDQTRS.',Moncton,New Brunswick',E1C1H1,Canada
EP765-170498-001-FE,2019-05-21T00:00:00Z,2020-03-31T00:00:00Z,C119F,Engineering Services - Buildings',CIMA+,Ottawa,Ontario,K2P2G8,Canada,20 to 49 employees',435209.0,Public Works and Government Services Canada',OPERATIONS,Ottawa,Ontario,K1P5E3,Canada
W7702-145651-001-EDM,2019-08-12T00:00:00Z,2020-03-31T00:00:00Z,AD917700,Military (R&D)',Martec Limited',Dartmouth,Nova Scotia',B3B2C7,Canada,20 to 49 employees',556895.0,Department of National Defence',DEFENCE R&D CANADA-SUFFIELD',Medicine Hat',Alberta,T1A8K6,Canada
EC645-192173-001-PWB,2020-01-31T00:00:00Z,2021-03-31T00:00:00Z,5139A,Construction Services,Not Elsewhere Specified',600899 N.B. INC.',Hanwell,New Brunswick',E3C0E8,Canada,5 to 9 employees',208158.0,Public Works and Government Services Canada',ST. ANDREWS BIOLOGICAL STATION',Saint Andrews',New Brunswick',E5B0E4,Canada
W6837-164053-001-PWY,2020-02-26T00:00:00Z,2021-03-31T00:00:00Z,5164A,Electrical Installations and Major Repairs',Prime Engineering Limited',Victoria,British Columbia',V9A5T2,Canada,10 to 19 employees',1050000.0,Department of National Defence',ADM IE (INFRASTRUCTURE&ENV'T)',Ottawa,Ontario,K1A0K2,Canada
35035-192048-001-CY,2020-02-20T00:00:00Z,2021-01-01T00:00:00Z,T001D,Public Opinion Research - Syndicated Studies',Abacus Data Inc.',Ottawa,Ontario,K1P5N2,Canada,5 to 9 employees',68478.0,Privy Council Office',ADMINISTRATION DIV.',Ottawa,Ontario,K1A0A3,Canada
G9292-201996-001-CY,2020-03-09T00:00:00Z,2021-03-31T00:00:00Z,T004R,Online News Database',Meltwater News Canada inc',Toronto,Ontario,M5J2V5,Canada,10 to 19 employees',56138.0,Employment and Social Development Canada',CONTRACTING&PROCURE.,Gatineau,Quebec,K1A0J9,Canada